1307.4048
1409.1257
1409.1259
1409.7085
1509.08644
1511.06709
1601.01073
1606.09222
1608.04465
1608.05374
1610.06542
1611.02695
1611.04558
1612.01928
1702.01147
1702.01806
1704.08028
1706.03872
1706.05765
1706.09733
1707.06527
1707.09879
1708.00993
1708.05942
1708.05943
1708.09516
1709.07552
1709.08041
1710.01073
1710.02095
1710.07654
1710.10224
1711.08010
1712.04853
1712.08887
1802.01451
1802.05630
1803.02551
1804.07878
1804.08198
1804.09713
1805.02094
1805.02282
1805.04185
1805.04453
1805.10498
1805.11213
1805.12282
1806.02525
1806.03280
1806.04558
1806.05138
1806.06957
1808.03883
1808.06288
1809.00068
1809.00252
1809.00357
1809.03182
1809.04397
1809.04553
1809.04686
1810.12598
1811.01064
1811.01137
1811.01389
1811.01990
1812.00660
1812.00798
1901.03257
1902.03389
1902.06782
1903.00089
1903.05955
1903.11437
1904.08779
1904.11024
1905.01787
1905.05475
1905.06533
1905.08486
1906.00733
1906.01083
1906.03129
1906.04233
1906.06438
1906.07286
1906.08871
1907.01279
1907.02326
1907.03060
1907.03885
1907.05019
1907.06210
1908.09324
1908.09355
1908.09532
1908.10256
1909.00437
1909.03965
1909.07342
1909.10302
1909.10642
1909.11723
1910.00139
1910.05603
1910.06294
1910.06753
1910.12368
1910.13296
1910.13998
1911.04890
1911.08888
1911.12760
1912.01214
1912.02047
1912.02998
1912.03135
1912.05472
1912.05946
1912.11625
1912.12068
2001.01115
2001.10529
2002.08899
2002.11268
2004.03137
2004.04002
2004.08116
2004.11867
2005.04816
2005.07877
2005.08433
2005.10441
2005.11129
2005.12398
2006.05129
2006.05635
2007.08004
2007.09127
2008.00506
2008.02878
2008.06412
2008.07231
2008.07772
2008.12073
2008.12914
2009.08065
2009.09395
2009.09761
2009.14399
2010.02523
2010.08136
2010.08961
2010.09482
2010.09895
2010.10239
2010.12423
2011.01682
2011.03118
2011.11715
2012.01266
2101.02919
2101.12729
2102.04932
2102.05151
2102.07259
2102.07955
2102.08310
2102.08329
2102.09106
2102.09708
2102.11114
2102.12664
2103.03927
2103.16858
2104.01393
2104.01408
2104.01409
2104.02258
2104.07326
2104.08757
2104.12292
2104.12521
2105.01531
2105.01920
2105.02373
2105.04124
2105.07583
2106.04897
2106.07431
2106.10481
2106.10870
2106.12896
2106.14681
2106.15561
2107.00764
2107.01573
2107.02003
2107.02527
2107.03298
2107.05550
2107.10998
2108.00899
2108.03020
2108.06949
2108.13562
2109.04292
2109.14357
2110.00046
2110.02743
2110.04366
2110.06126
2110.08547
2110.09814
2110.13981
2111.03777
2111.04040
2111.09146
2112.07156
2112.07400
2112.11482
2112.15272
2201.08930
2201.10896
2201.11207
2202.00673
2202.08900
2202.10290
2203.03878
2203.04114
2203.08757
2203.10637
2203.11239
2203.12886
2203.17001
2204.00408
2204.04170
2204.04284
2204.04306
2204.05177
2204.11806
2205.06445
2205.11005
2205.11824
2205.13086
2205.15308
2206.06811
2206.12879
2207.00774
2207.04900
2207.06872
2207.09674
2208.02070
2208.04994
2208.06874
2208.11460
2209.01530
2209.03143
2209.10591
2209.15032
2210.03858
2210.07795
2210.17143
2211.03316
2211.09383
2211.16049
2211.16307
2212.01546
2212.09699
2301.12661
2302.01194
2302.07215
2302.08841
2302.09908
2303.00510
2303.01261
2303.03329
2303.10008
2303.13336
2303.14885
2304.03169
2304.07611
2304.09116
2304.09388
2304.11976
2305.06908
2305.07310
2305.08285
2305.11926
2305.16597
2305.16935
2305.18474
2306.00648
2306.04368
2306.10097
2306.10687
2306.12020
2306.14152
2306.16083
2307.00161
2307.01672
2307.01673
2307.02351
2307.05132
2307.07062
2307.08416
2307.16012
2307.16332
2308.02013
2308.05734
2308.06547
2308.13497
2308.13958
2309.08876
2309.09546
2309.10294
2309.12763
2309.12802
2309.15512
2309.15649
2309.17352
2310.00034
2310.08981
2310.16338
2310.17448
2310.20162
2311.07062
2311.08667
2311.11976
2311.12454
2312.03414
2312.04193
2312.08571
2312.08641
2312.10687
2312.14378
2312.14398
2312.15499
2312.16862
2401.02330
2401.02385
2401.02839
2401.03473
2401.06897
2401.08889
2401.11771
2401.12200
2402.00084
2402.01520
2402.02781
2402.02834
2402.04902
2402.05567
2402.05964
2402.09748
2402.14800
2403.04666
2403.05887
2403.08164
2403.08187
2403.08196
2403.11346
2403.13353
2404.00569
2404.01339
2404.03414
2404.04759
2404.14700
2404.16547
2404.19622
2405.09820
2405.13514
2405.17890
2406.00294
2406.00356
2406.05672
2406.08203
2406.08380
2406.12946
2406.15846
2406.17363
2406.17672
2407.00753
2407.03495
2407.05690
2407.14679
2407.21476
2408.03150
2408.09215
2408.12168
2408.13008
2408.16440
2409.00946
2409.05730
2409.09352
2409.12586
2409.16005
2410.01088
2410.04324
2410.09503
2410.10075
2410.14072
2410.17170
2410.17589
2410.20011
2410.20742
2410.20777
2410.23320
2411.01156
2411.01929
2411.05281
2411.06448
2411.06839
2411.09944
2411.10545
2411.13676
2411.14013
2412.00415
2412.16117
2412.18669
2412.19449
2412.20155
2501.00339
2501.05976
2501.08791
2501.10256
2501.13250
2501.16761
2501.16937
2501.18648
2501.19321
2502.00421
2502.03460
2502.05236
2502.05674
2502.05766
2502.18020
2502.18434
2502.18952
2502.19883
2503.01151
2503.01266
2503.01464
2503.01675
2503.10665
2504.03329
2504.03947
2504.05346
2504.14772
2504.16584
2504.17220
2505.06010
2505.07701
2505.09091
2505.10975
2505.13784
2505.18502
2505.18972
2505.19147
2505.19529
2505.20166
2505.22029
2506.08457
2506.10005
2506.13514
2506.23347
2506.23958
2507.00297
2507.00594
2507.00808
2507.00875
2507.02115
2507.02176
2507.03311
2507.03580
2507.03933
2507.04636
2507.04746
2507.04864
2507.05724
2507.06506
2507.06530
2507.07572
2507.07630
2507.07824
2507.08309
2507.09509
2507.10109
2507.11832
2507.11882
2507.12260
2507.12672
2507.13395
2507.13618
2507.15142
2507.15198
2507.15557
2507.16410
2507.16515
2507.17588
2507.17974
2507.18044
2507.18338
2507.18562
2507.18940
2507.19374
2507.19537
2507.20301
2507.20749
2507.20752
2507.21104
2507.21568
2507.22219
2507.23399
2507.23661
2508.00766
2508.01411
2508.01710
2508.02268
2508.02290
2508.02312
2508.03112
2508.03291
2508.03332
2508.03529
2508.04141
2508.04179
2508.04585
2508.04946
2508.05102
2508.05364
2508.05385
2508.05502
2508.05722
2508.06044
2508.06135
2508.06262
2508.06277
2508.06621
2508.06665
2508.06870
2508.06890
2508.07302
2508.07337
2508.07426
2508.07484
2508.07964
2508.08650
2508.08680
2508.08957
2508.09137
2508.09294
2508.09389
2508.09767
2508.10016
2508.10175
2508.10374
2508.10412
2508.10421
2508.10683
2508.11273
2508.11326
2508.12001
2508.12243
2508.12255
2508.12292
2508.12301
2508.12713
2508.12723
2508.12774
2508.12968
2508.13028
2508.13060
2508.13079
2508.13358
2508.13376
2508.13603
2508.14313
2508.14472
2508.14586
2508.14623
2508.14709
2508.14713
2508.14909
2508.14947
2508.14951
2508.15244
2508.15371
2508.15442
2508.15853
2508.15882
2508.16048
2508.16371
2508.16431
2508.16576
2508.16665
2508.16858
2508.17458
2508.17494
2508.17499
2508.17547
2508.17660
2508.17753
2508.17826
2508.17844
2508.17874
2508.17894
2508.17914
2508.17973
2508.18006
2508.18288
2508.18295
2508.18440
2508.18502
2508.18509
2508.18549
2508.18607
2508.18671
2508.18701
2508.18705
2508.18732
2508.18734
2508.18791
2508.18907
2508.18918
2508.18960
2508.18961
2508.18998
2508.19002
2508.19098
2508.19107
2508.19200
2508.19270
2508.19372
2508.19481
2508.19547
2508.19587
2508.19604
2508.19671
2508.19721
2508.19856
2508.19990
2508.20212
2508.20476
2508.20511
2508.20525
2508.20567
2508.20621
2508.20656
2508.20700
2508.20729
2508.20869
2508.20893
2508.20903
2508.20983
2508.21083
2508.21193
2508.21225
2508.21254
2508.21313
2508.21376
2508.21566
2508.21631
2508.21632
2508.21775
2509.00077
2509.00084
2509.00094
2509.00195
2509.00378
2509.00503
2509.00675
2509.00685
2509.00931
2509.00988
2509.01087
2509.01184
2509.01390
2509.01391
2509.01399
2509.01419
2509.01566
2509.01814
2509.01900
2509.01939
2509.02020
2509.02038
2509.02072
2509.02099
2509.02129
2509.02161
2509.02234
2509.02293
2509.02308
2509.02349
2509.02362
2509.02365
2509.02450
2509.02469
2509.02506
2509.02510
2509.02523
2509.02550
2509.02601
2509.02723
2509.02753
2509.02830
2509.02863
2509.02971
2509.03013
2509.03021
2509.03054
2509.03059
2509.03103
2509.03135
2509.03148
2509.03173
2509.03181
2509.03201
2509.03212
2509.03214
2509.03226
2509.03228
2509.03231
2509.03292
2509.03294
2509.03348
2509.03372
2509.03377
2509.03409
2509.03465
2509.03472
2509.03497
2509.03631
2509.03643
2509.03680
2509.03704
2509.03809
2509.03850
2509.03898
2509.03903
2509.03910
2509.03913
2509.03950
2509.03962
2509.04005
2509.04059
2509.04072
2509.04093
2509.04101
2509.04147
2509.04153
2509.04162
2509.04202
2509.04244
2509.04245
2509.04250
2509.04269
2509.04345
2509.04357
2509.04377
2509.04392
2509.04393
2509.04394
2509.04471
2509.04473
2509.04488
2509.04491
2509.04507
2509.04508
2509.04516
2509.04518
2509.04667
2509.04685
2509.04719
2509.04805
2509.04830
2509.04894
2509.04895
2509.04897
2509.04925
2509.04957
2509.04970
2509.04982
2509.04996
2509.05007
2509.05019
2509.05051
2509.05107
2509.05115
2509.05146
2509.05186
2509.05188
2509.05190
2509.05209
2509.05238
2509.05256
2509.05285
2509.05321
2509.05341
2509.05350
2509.05363
2509.05399
2509.05446
2509.05479
2509.05532
2509.05543
2509.05576
2509.05584
2509.05602
2509.05609
2509.05614
2509.05620
2509.05632
2509.05641
2509.05754
2509.05863
2509.05908
2509.05931
2509.05954
2509.05983
2509.06027
2509.06040
2509.06074
2509.06120
2509.06191
2509.06246
2509.06261
2509.06297
2509.06321
2509.06350
2509.06356
2509.06383
2509.06389
2509.06400
2509.06415
2509.06419
2509.06436
2509.06459
2509.06464
2509.06550
2509.06750
2509.06798
2509.06836
2509.06956
2509.06997
2509.07021
2509.07038
2509.07139
2509.07195
2509.07202
2509.07222
2509.07226
2509.07231
2509.07234
2509.07260
2509.07277
2509.07279
2509.07323
2509.07359
2509.07361
2509.07363
2509.07376
2509.07399
2509.07436
2509.07451
2509.07471
2509.07521
2509.07603
2509.07677
2509.07700
2509.07829
2509.07839
2509.07978
2509.08071
2509.08087
2509.08088
2509.08157
2509.08173
2509.08225
2509.08233
2509.08255
2509.08351
2509.08385
2509.08395
2509.08470
2509.08490
2509.08515
2509.08542
2509.08653
2509.08696
2509.08714
2509.08749
2509.08752
2509.08776
2509.08779
2509.08808
2509.08818
2509.08910
2509.08972
2509.09033
2509.09090
2509.09155
2509.09160
2509.09196
2509.09197
2509.09235
2509.09262
2509.09267
2509.09374
2509.09473
2509.09495
2509.09505
2509.09611
2509.09631
2509.09679
2509.09701
2509.09744
2509.09748
2509.09752
2509.09794
2509.09931
2509.09947
2509.10021
2509.10031
2509.10086
2509.10095
2509.10108
2509.10116
2509.10140
2509.10161
2509.10234
2509.10249
2509.10334
2509.10366
2509.10377
2509.10380
2509.10385
2509.10391
2509.10502
2509.10577
2509.10647
2509.10696
2509.10744
2509.10841
2509.10844
2509.10864
2509.10882
2509.11053
2509.11078
2509.11084
2509.11102
2509.11116
2509.11124
2509.11168
2509.11176
2509.11177
2509.11190
2509.11201
2509.11419
2509.11425
2509.11511
2509.11525
2509.11547
2509.11661
2509.11700
2509.11703
2509.11792
2509.11815
2509.11924
2509.11952
2509.11959
2509.12019
2509.12062
2509.12086
2509.12101
2509.12130
2509.12171
2509.12201
2509.12278
2509.12286
2509.12324
2509.12340
2509.12358
2509.12380
2509.12434
2509.12464
2509.12508
2509.12514
2509.12539
2509.12543
2509.12553
2509.12594
2509.12647
2509.12662
2509.12688
2509.12742
2509.12748
2509.12754
2509.12787
2509.12811
2509.12814
2509.12831
2509.12853
2509.12870
2509.12871
2509.12875
2509.12915
2509.12918
2509.12959
2509.12960
2509.13046
2509.13047
2509.13068
2509.13089
2509.13093
2509.13164
2509.13189
2509.13210
2509.13211
2509.13268
2509.13285
2509.13355
2509.13395
2509.13482
2509.13507
2509.13514
2509.13581
2509.13625
2509.13636
2509.13642
2509.13648
2509.13670
2509.13677
2509.13688
2509.13704
2509.13723
2509.13724
2509.13765
2509.13786
2509.13858
2509.13892
2509.13955
2509.13957
2509.13980
2509.13989
2509.13990
2509.14001
2509.14008
2509.14023
2509.14031
2509.14063
2509.14069
2509.14082
2509.14128
2509.14136
2509.14163
2509.14165
2509.14230
2509.14263
2509.14270
2509.14430
2509.14468
2509.14493
2509.14498
2509.14526
2509.14563
2509.14571
2509.14579
2509.14594
2509.14611
2509.14619
2509.14632
2509.14635
2509.14653
2509.14675
2509.14677
2509.14684
2509.14749
2509.14755
2509.14804
2509.14829
2509.14858
2509.14880
2509.14934
2509.14946
2509.15011
2509.15017
2509.15045
2509.15085
2509.15095
2509.15124
2509.15187
2509.15206
2509.15246
2509.15253
2509.15258
2509.15267
2509.15362
2509.15406
2509.15430
2509.15447
2509.15455
2509.15472
2509.15486
2509.15492
2509.15497
2509.15498
2509.15514
2509.15516
2509.15568
2509.15570
2509.15579
2509.15591
2509.15612
2509.15638
2509.15640
2509.15655
2509.15667
2509.15704
2509.15711
2509.15714
2509.15724
2509.15741
2509.15759
2509.15789
2509.15845
2509.15922
2509.15969
2509.16010
2509.16017
2509.16023
2509.16025
2509.16029
2509.16031
2509.16084
2509.16105
2509.16278
2509.16328
2509.16348
2509.16357
2509.16363
2509.16375
2509.16413
2509.16439
2509.16442
2509.16462
2509.16463
2509.16466
2509.16476
2509.16497
2509.16500
2509.16508
2509.16521
2509.16543
2509.16548
2509.16582
2509.16603
2509.16621
2509.16622
2509.16633
2509.16649
2509.16673
2509.16678
2509.16699
2509.16717
2509.16718
2509.16727
2509.16729
2509.16842
2509.16897
2509.16914
2509.16931
2509.16939
2509.16968
2509.16989
2509.17006
2509.17021
2509.17078
2509.17119
2509.17164
2509.17190
2509.17249
2509.17284
2509.17293
2509.17297
2509.17317
2509.17361
2509.17428
2509.17444
2509.17450
2509.17489
2509.17493
2509.17516
2509.17523
2509.17533
2509.17550
2509.17559
2509.17656
2509.17669
2509.17712
2509.17737
2509.17749
2509.17752
2509.17765
2509.17847
2509.17859
2509.17894
2509.17905
2509.17930
2509.17953
2509.17968
2509.17971
2509.17988
2509.17995
2509.18014
2509.18060
2509.18193
2509.18196
2509.18198
2509.18200
2509.18214
2509.18216
2509.18272
2509.18360
2509.18372
2509.18401
2509.18414
2509.18470
2509.18471
2509.18481
2509.18494
2509.18529
2509.18531
2509.18553
2509.18603
2509.18609
2509.18620
2509.18722
2509.18763
2509.18765
2509.18778
2509.18901
2509.18958
2509.18968
2509.19020
2509.19025
2509.19092
2509.19135
2509.19194
2509.19208
2509.19215
2509.19231
2509.19252
2509.19270
2509.19271
2509.19296
2509.19300
2509.19341
2509.19405
2509.19454
2509.19474
2509.19566
2509.19567
2509.19589
2509.19592
2509.19611
2509.19638
2509.19645
2509.19660
2509.19663
2509.19668
2509.19711
2509.19715
2509.19743
2509.19745
2509.19770
2509.19805
2509.19812
2509.19817
2509.19831
2509.19852
2509.19879
2509.19881
2509.19883
2509.19927
2509.19928
2509.19941
2509.19952
2509.19962
2509.19999
2509.20048
2509.20060
2509.20072
2509.20119
2509.20148
2509.20149
2509.20177
2509.20208
2509.20209
2509.20214
2509.20287
2509.20319
2509.20321
2509.20334
2509.20354
2509.20358
2509.20378
2509.20396
2509.20397
2509.20420
2509.20427
2509.20430
2509.20485
2509.20513
2509.20557
2509.20585
2509.20605
2509.20624
2509.20682
2509.20688
2509.20724
2509.20745
2509.20768
2509.20786
2509.20787
2509.20802
2509.20837
2509.20854
2509.20890
2509.20928
2509.20946
2509.20989
2509.20991
2509.21068
2509.21071
2509.21168
2509.21173
2509.21192
2509.21201
2509.21207
2509.21214
2509.21250
2509.21263
2509.21311
2509.21317
2509.21318
2509.21387
2509.21394
2509.21398
2509.21464
2509.21479
2509.21498
2509.21511
2509.21530
2509.21572
2509.21577
2509.21622
2509.21625
2509.21676
2509.21694
2509.21709
2509.21733
2509.21742
2509.21746
2509.21748
2509.21801
2509.21817
2509.21919
2509.21946
2509.21964
2509.21973
2509.22047
2509.22049
2509.22053
2509.22060
2509.22063
2509.22075
2509.22093
2509.22101
2509.22148
2509.22150
2509.22161
2509.22166
2509.22167
2509.22213
2509.22261
2509.22294
2509.22299
2509.22317
2509.22319
2509.22341
2509.22352
2509.22394
2509.22412
2509.22425
2509.22448
2509.22454
2509.22463
2509.22490
2509.22512
2509.22551
2509.22553
2509.22572
2509.22592
2509.22612
2509.22615
2509.22623
2509.22635
2509.22712
2509.22718
2509.22727
2509.22744
2509.22795
2509.22808
2509.22906
2509.22930
2509.22935
2509.22944
2509.22953
2509.23010
2509.23106
2509.23147
2509.23162
2509.23169
2509.23202
2509.23228
2509.23230
2509.23250
2509.23258
2509.23273
2509.23324
2509.23347
2509.23368
2509.23375
2509.23393
2509.23395
2509.23419
2509.23461
2509.23480
2509.23500
2509.23514
2509.23548
2509.23550
2509.23560
2509.23574
2509.23582
2509.23618
2509.23619
2509.23649
2509.23652
2509.23663
2509.23667
2509.23681
2509.23727
2509.23729
2509.23759
2509.23774
2509.23800
2509.23809
2509.23829
2509.23833
2509.23871
2509.23873
2509.23883
2509.23898
2509.23931
2509.23990
2509.24066
2509.24093
2509.24266
2509.24267
2509.24311
2509.24356
2509.24391
2509.24395
2509.24410
2509.24416
2509.24421
2509.24435
2509.24448
2509.24460
2509.24477
2509.24478
2509.24547
2509.24550
2509.24613
2509.24629
2509.24635
2509.24650
2509.24713
2509.24716
2509.24717
2509.24726
2509.24739
2509.24758
2509.24771
2509.24773
2509.24779
2509.24797
2509.24819
2509.24837
2509.24840
2509.24878
2509.24886
2509.24891
2509.24919
2509.24973
2509.24986
2509.25048
2509.25086
2509.25131
2509.25136
2509.25144
2509.25184
2509.25253
2509.25334
2509.25336
2509.25416
2509.25439
2509.25494
2509.25516
2509.25522
2509.25543
2509.25546
2509.25599
2509.25606
2509.25659
2509.25665
2509.25672
2509.25682
2509.25689
2509.25729
2509.25733
2509.25736
2509.25742
2509.25758
2509.25810
2509.25831
2509.25837
2509.25842
2509.25853
2509.25878
2509.25903
2509.25908
2509.25996
2509.26007
2509.26070
2509.26074
2509.26235
2509.26258
2509.26277
2509.26282
2509.26364
2509.26376
2509.26409
2509.26436
2509.26469
2509.26497
2509.26502
2509.26513
2509.26514
2509.26580
2509.26584
2509.26592
2509.26604
2509.26619
2509.26633
2510.00027
2510.00030
2510.00035
2510.00083
2510.00110
2510.00136
2510.00192
2510.00256
2510.00316
2510.00381
2510.00434
2510.00446
2510.00485
2510.00490
2510.00514
2510.00536
2510.00566
2510.00582
2510.00604
2510.00629
2510.00636
2510.00647
2510.00662
2510.00666
2510.00681
2510.00691
2510.00732
2510.00743
2510.00829
2510.00859
2510.00931
2510.00982
2510.01014
2510.01047
2510.01141
2510.01145
2510.01165
2510.01169
2510.01171
2510.01250
2510.01281
2510.01290
2510.01298
2510.01329
2510.01349
2510.01407
2510.01441
2510.01462
2510.01561
2510.01581
2510.01616
2510.01621
2510.01631
2510.01663
2510.01671
2510.01673
2510.01722
2510.01746
2510.01793
2510.01813
2510.01850
2510.01855
2510.02091
2510.02097
2510.02110
2510.02119
2510.02133
2510.02181
2510.02222
2510.02227
2510.02241
2510.02276
2510.02300
2510.02302
2510.02405
2510.02407
2510.02457
2510.02470
2510.02499
2510.02569
2510.02574
2510.02611
2510.02630
2510.02631
2510.02642
2510.02645
2510.02646
2510.02679
2510.02731
2510.02744
2510.02757
2510.02774
2510.02794
2510.02822
2510.02848
2510.02912
2510.02916
2510.03012
2510.03038
2510.03066
2510.03075
2510.03085
2510.03093
2510.03111
2510.03115
2510.03134
2510.03151
2510.03204
2510.03216
2510.03313
2510.03359
2510.03375
2510.03387
2510.03515
2510.03568
2510.03569
2510.03595
2510.03597
2510.03598
2510.03601
2510.03608
2510.03630
2510.03639
2510.03690
2510.03723
2510.03748
2510.03781
2510.03810
2510.03840
2510.03847
2510.03857
2510.03869
2510.03870
2510.03895
2510.03913
2510.03986
2510.04003
2510.04014
2510.04024
2510.04032
2510.04044
2510.04066
2510.04098
2510.04136
2510.04142
2510.04162
2510.04174
2510.04213
2510.04219
2510.04236
2510.04241
2510.04291
2510.04333
2510.04339
2510.04358
2510.04463
2510.04512
2510.04547
2510.04577
2510.04595
2510.04622
2510.04626
2510.04655
2510.04673
2510.04682
2510.04686
2510.04734
2510.04738
2510.04764
2510.04817
2510.04832
2510.04856
2510.05034
2510.05064
2510.05077
2510.05096
2510.05113
2510.05122
2510.05144
2510.05164
2510.05176
2510.05180
2510.05288
2510.05309
2510.05373
2510.05396
2510.05451
2510.05468
2510.05490
2510.05527
2510.05528
2510.05529
2510.05544
2510.05589
2510.05617
2510.05691
2510.05696
2510.05722
2510.05733
2510.05740
2510.05747
2510.05758
2510.05759
2510.05799
2510.05828
2510.05829
2510.05846
2510.05891
2510.05930
2510.05959
2510.05984
2510.06030
2510.06101
2510.06108
2510.06123
2510.06125
2510.06135
2510.06174
2510.06175
2510.06188
2510.06195
2510.06209
2510.06213
2510.06217
2510.06249
2510.06263
2510.06386
2510.06426
2510.06461
2510.06471
2510.06473
2510.06502
2510.06590
2510.06596
2510.06601
2510.06634
2510.06645
2510.06695
2510.06706
2510.06719
2510.06730
2510.06734
2510.06751
2510.06824
2510.06841
2510.06887
2510.06927
2510.06961
2510.07018
2510.07061
2510.07074
2510.07077
2510.07096
2510.07108
2510.07133
2510.07221
2510.07227
2510.07248
2510.07345
2510.07346
2510.07437
2510.07486
2510.07589
2510.07651
2510.07723
2510.07735
2510.07745
2510.07762
2510.07782
2510.07823
2510.07841
2510.07842
2510.07863
2510.07877
2510.07909
2510.07923
2510.07924
2510.07926
2510.07953
2510.07962
2510.07978
2510.07979
2510.07985
2510.08047
2510.08078
2510.08177
2510.08178
2510.08245
2510.08252
2510.08278
2510.08363
2510.08373
2510.08419
2510.08449
2510.08458
2510.08464
2510.08476
2510.08483
2510.08540
2510.08585
2510.08592
2510.08617
2510.08618
2510.08626
2510.08632
2510.08761
2510.08798
2510.08808
2510.08849
2510.08870
2510.08878
2510.08925
2510.08929
2510.08955
2510.08984
2510.08999
2510.09010
2510.09016
2510.09061
2510.09065
2510.09078
2510.09085
2510.09094
2510.09110
2510.09116
2510.09129
2510.09159
2510.09163
2510.09192
2510.09203
2510.09211
2510.09220
2510.09236
2510.09245
2510.09344
2510.09351
2510.09365
2510.09447
2510.09459
2510.09477
2510.09528
2510.09536
2510.09553
2510.09566
2510.09596
2510.09696
2510.09711
2510.09773
2510.09778
2510.09837
2510.09883
2510.09885
2510.09914
2510.09942
2510.09987
2510.09988
2510.09994
2510.10020
2510.10030
2510.10069
2510.10078
2510.10082
2510.10115
2510.10116
2510.10136
2510.10182
2510.10241
2510.10243
2510.10257
2510.10290
2510.10329
2510.10331
2510.10341
2510.10361
2510.10396
2510.10401
2510.10446
2510.10453
2510.10467
2510.10499
2510.10553
2510.10560
2510.10581
2510.10618
2510.10623
2510.10645
2510.10676
2510.10706
2510.10731
2510.10738
2510.10740
2510.10774
2510.10782
2510.10803
2510.10822
2510.10925
2510.10947
2510.10954
2510.10962
2510.10964
2510.10969
2510.10970
2510.10986
2510.10987
2510.10990
2510.11014
2510.11124
2510.11128
2510.11176
2510.11232
2510.11236
2510.11335
2510.11484
2510.11496
2510.11499
2510.11567
2510.11579
2510.11615
2510.11639
2510.11646
2510.11696
2510.11829
2510.11842
2510.11883
2510.11919
2510.11930
2510.11952
2510.11955
2510.11962
2510.12000
2510.12032
2510.12040
2510.12056
2510.12060
2510.12077
2510.12099
2510.12121
2510.12175
2510.12178
2510.12184
2510.12208
2510.12210
2510.12218
2510.12283
2510.12316
2510.12329
2510.12369
2510.12405
2510.12451
2510.12474
2510.12482
2510.12497
2510.12509
2510.12586
2510.12615
2510.12621
2510.12636
2510.12666
2510.12721
2510.12781
2510.12827
2510.12833
2510.12851
2510.12856
2510.12858
2510.12934
2510.12935
2510.12939
2510.12995
2510.13024
2510.13068
2510.13158
2510.13176
2510.13186
2510.13194
2510.13202
2510.13211
2510.13264
2510.13281
2510.13293
2510.13297
2510.13344
2510.13357
2510.13362
2510.13401
2510.13418
2510.13434
2510.13497
2510.13565
2510.13598
2510.13622
2510.13632
2510.13713
2510.13722
2510.13760
2510.13804
2510.13860
2510.13872
2510.13876
2510.13890
2510.13911
2510.13913
2510.13915
2510.13918
2510.13979
2510.13999
2510.14113
2510.14276
2510.14303
2510.14327
2510.14369
2510.14379
2510.14383
2510.14393
2510.14444
2510.14445
2510.14462
2510.14463
2510.14466
2510.14542
2510.14624
2510.14626
2510.14643
2510.14649
2510.14662
2510.14664
2510.14668
2510.14704
2510.14823
2510.14838
2510.14915
2510.14916
2510.14919
2510.14934
2510.15004
2510.15026
2510.15038
2510.15072
2510.15119
2510.15183
2510.15194
2510.15283
2510.15299
2510.15304
2510.15418
2510.15424
2510.15425
2510.15432
2510.15458
2510.15466
2510.15516
2510.15542
2510.15566
2510.15602
2510.15620
2510.15628
2510.15672
2510.15751
2510.15768
2510.15775
2510.15783
2510.15828
2510.15851
2510.15977
2510.16037
2510.16039
2510.16045
2510.16072
2510.16075
2510.16088
2510.16127
2510.16165
2510.16171
2510.16192
2510.16207
2510.16250
2510.16292
2510.16387
2510.16396
2510.16449
2510.16549
2510.16567
2510.16575
2510.16611
2510.16612
2510.16624
2510.16657
2510.16664
2510.16688
2510.16694
2510.16700
2510.16704
2510.16716
2510.16718
2510.16743
2510.16753
2510.16805
2510.16841
2510.16887
2510.16889
2510.16968
2510.16973
2510.16974
2510.16997
2510.17035
2510.17036
2510.17153
2510.17189
2510.17193
2510.17197
2510.17205
2510.17264
2510.17460
2510.17478
2510.17504
2510.17515
2510.17545
2510.17609
2510.17640
2510.17650
2510.17661
2510.17663
2510.17688
2510.17700
2510.17715
2510.17720
2510.17734
2510.17777
2510.17845
2510.17855
2510.17928
2510.18005
2510.18016
2510.18030
2510.18043
2510.18053
2510.18072
2510.18118
2510.18143
2510.18218
2510.18232
2510.18252
2510.18259
2510.18269
2510.18287
2510.18308
2510.18310
2510.18345
2510.18358
2510.18374
2510.18381
2510.18383
2510.18409
2510.18433
2510.18513
2510.18525
2510.18541
2510.18604
2510.18636
2510.18650
2510.18684
2510.18725
2510.18768
2510.18784
2510.18817
2510.18827
2510.18895
2510.18898
2510.18904
2510.18917
2510.18989
2510.19144
2510.19183
2510.19195
2510.19210
2510.19223
2510.19239
2510.19250
2510.19260
2510.19266
2510.19273
2510.19290
2510.19301
2510.19304
2510.19307
2510.19316
2510.19360
2510.19385
2510.19398
2510.19413
2510.19414
2510.19419
2510.19471
2510.19472
2510.19482
2510.19487
2510.19498
2510.19546
2510.19557
2510.19560
2510.19623
2510.19637
2510.19679
2510.19737
2510.19760
2510.19764
2510.19779
2510.19845
2510.19848
2510.19859
2510.19873
2510.20011
2510.20151
2510.20210
2510.20217
2510.20299
2510.20344
2510.20348
2510.20438
2510.20449
2510.20504
2510.20508
2510.20651
2510.20673
2510.20674
2510.20700
2510.20776
2510.20780
2510.20800
2510.20850
2510.20903
2510.20984
2510.21004
2510.21014
2510.21052
2510.21063
2510.21068
2510.21086
2510.21115
2510.21120
2510.21183
2510.21193
2510.21258
2510.21299
2510.21314
2510.21317
2510.21364
2510.21391
2510.21443
2510.21599
2510.21605
2510.21608
2510.21610
2510.21631
2510.21649
2510.21664
2510.21685
2510.21834
2510.21844
2510.21864
2510.21872
2510.21879
2510.21887
2510.21891
2510.21935
2510.21970
2510.22028
2510.22033
2510.22058
2510.22101
2510.22172
2510.22228
2510.22237
2510.22239
2510.22243
2510.22366
2510.22369
2510.22379
2510.22405
2510.22480
2510.22485
2510.22489
2510.22492
2510.22495
2510.22529
2510.22567
2510.22588
2510.22603
2510.22646
2510.22655
2510.22716
2510.22743
2510.22758
2510.22763
2510.22767
2510.22795
2510.22874
2510.22899
2510.22909
2510.22943
2510.22956
2510.22957
2510.22961
2510.23019
2510.23053
2510.23064
2510.23070
2510.23124
2510.23141
2510.23156
2510.23208
2510.23252
2510.23276
2510.23319
2510.23321
2510.23382
2510.23458
2510.23479
2510.23485
2510.23525
2510.23530
2510.23541
2510.23554
2510.23571
2510.23606
2510.23632
2510.23649
2510.23652
2510.23717
2510.23763
2510.23766
2510.23802
2510.23849
2510.23896
2510.23943
2510.23985
2510.24021
2510.24061
2510.24073
2510.24078
2510.24096
2510.24103
2510.24116
2510.24150
2510.24180
2510.24184
2510.24214
2510.24233
2510.24262
2510.24307
2510.24372
2510.24375
2510.24425
2510.24431
2510.24446
2510.24486
2510.24519
2510.24570
2510.24619
2510.24637
2510.24663
2510.24664
2510.24695
2510.24740
2510.24787
2510.24789
2510.24795
2510.24821
2510.24829
2510.24852
2510.24904
2510.24940
2510.24941
2510.24951
2510.24992
2510.25116
2510.25128
2510.25150
2510.25163
2510.25167
2510.25176
2510.25178
2510.25187
2510.25205
2510.25234
2510.25240
2510.25273
2510.25342
2510.25502
2510.25507
2510.25557
2510.25594
2510.25600
2510.25602
2510.25623
2510.25770
2510.25788
2510.25794
2510.25817
2510.25921
2510.25933
2510.25934
2510.25967
2510.26024
2510.26038
2510.26046
2510.26076
2510.26122
2510.26148
2510.26190
2510.26225
2510.26266
2510.26271
2510.26277
2510.26301
2510.26345
2510.26346
2510.26372
2510.26444
2510.26446
2510.26475
2510.26508
2510.26532
2510.26578
2510.26650
2510.26678
2510.26688
2510.26690
2510.26771
2510.26800
2510.26819
2510.26838
2510.26865
2510.26892
2510.26907
2510.26961
2510.26974
2510.27013
2510.27037
2510.27038
2510.27152
2510.27157
2510.27183
2510.27186
2510.27240
2510.27247
2510.27254
2510.27324
2510.27337
2510.27448
2510.27512
2510.27552
2510.27641
2510.27677
2511.00028
2511.00086
2511.00129
2511.00179
2511.00231
2511.00270
2511.00318
2511.00436
2511.00486
2511.00519
2511.00648
2511.00651
2511.00655
2511.00663
2511.00682
2511.00689
2511.00699
2511.00700
2511.00707
2511.00801
2511.00805
2511.00826
2511.00828
2511.00855
2511.00870
2511.00881
2511.00964
2511.01066
2511.01087
2511.01091
2511.01143
2511.01173
2511.01200
2511.01261
2511.01289
2511.01295
2511.01354
2511.01510
2511.01517
2511.01526
2511.01541
2511.01574
2511.01575
2511.01610
2511.01740
2511.01791
2511.01794
2511.01815
2511.01845
2511.01896
2511.01921
2511.02042
2511.02056
2511.02104
2511.02137
2511.02206
2511.02213
2511.02248
2511.02269
2511.02270
2511.02302
2511.02411
2511.02414
2511.02495
2511.02510
2511.02587
2511.02614
2511.02650
2511.02721
2511.02728
2511.02833
2511.02933
2511.02958
2511.02968
2511.03005
2511.03015
2511.03079
2511.03080
2511.03114
2511.03128
2511.03201
2511.03202
2511.03228
2511.03295
2511.03303
2511.03310
2511.03354
2511.03361
2511.03367
2511.03370
2511.03372
2511.03383
2511.03407
2511.03410
2511.03423
2511.03466
2511.03467
2511.03498
2511.03531
2511.03589
2511.03601
2511.03635
2511.03665
2511.03829
2511.03862
2511.03880
2511.03888
2511.03943
2511.03945
2511.03970
2511.03983
2511.04001
2511.04002
2511.04015
2511.04016
2511.04035
2511.04063
2511.04139
2511.04155
2511.04214
2511.04215
2511.04260
2511.04304
2511.04344
2511.04406
2511.04469
2511.04477
2511.04478
2511.04623
2511.04653
2511.04655
2511.04699
2511.04727
2511.04731
2511.04803
2511.04880
2511.04914
2511.04932
2511.04972
2511.04973
2511.05057
2511.05078
2511.05082
2511.05099
2511.05143
2511.05162
2511.05177
2511.05239
2511.05289
2511.05300
2511.05313
2511.05347
2511.05361
2511.05399
2511.05432
2511.05442
2511.05476
2511.05516
2511.05557
2511.05705
2511.05717
2511.05770
2511.05811
2511.05836
2511.05849
2511.05865
2511.05868
2511.05898
2511.05946
2511.06010
2511.06029
2511.06055
2511.06056
2511.06101
2511.06174
2511.06205
2511.06215
2511.06234
2511.06245
2511.06256
2511.06259
2511.06265
2511.06268
2511.06292
2511.06297
2511.06313
2511.06390
2511.06396
2511.06471
2511.06497
2511.06500
2511.06512
2511.06516
2511.06531
2511.06583
2511.06592
2511.06610
2511.06663
2511.06677
2511.06680
2511.06719
2511.06720
2511.06748
2511.06763
2511.06767
2511.06838
2511.06842
2511.06848
2511.06860
2511.06866
2511.06902
2511.06953
2511.06961
2511.07003
2511.07010
2511.07025
2511.07044
2511.07051
2511.07078
2511.07118
2511.07135
2511.07156
2511.07158
2511.07166
2511.07189
2511.07230
2511.07242
2511.07253
2511.07311
2511.07392
2511.07399
2511.07461
2511.07498
2511.07821
2511.07883
2511.07930
2511.07931
2511.07932
2511.08060
2511.08065
2511.08092
2511.08093
2511.08210
2511.08299
2511.08344
2511.08389
2511.08455
2511.08507
2511.08535
2511.08621
2511.08663
2511.08967
2511.09084
2511.09085
2511.09232
2511.09282
2511.09438
2511.09525
2511.09537
2511.09551
2511.09690
2511.09748
2511.09791
2511.09796
2511.09803
2511.09844
2511.09873
2511.09876
2511.09878
2511.09883
2511.09893
2511.09901
2511.09909
2511.09915
2511.09932
2511.09952
2511.09984
2511.09995
2511.10004
2511.10038
2511.10055
2511.10081
2511.10087
2511.10090
2511.10101
2511.10107
2511.10127
2511.10171
2511.10192
2511.10201
2511.10208
2511.10209
2511.10211
2511.10218
2511.10229
2511.10232
2511.10233
2511.10291
2511.10302
2511.10333
2511.10338
2511.10395
2511.10441
2511.10481
2511.10492
2511.10518
2511.10522
2511.10552
2511.10555
2511.10561
2511.10590
2511.10618
2511.10643
2511.10645
2511.10664
2511.10670
2511.10697
2511.10767
2511.10768
2511.10780
2511.10790
2511.10793
2511.10799
2511.10861
2511.10903
2511.10913
2511.10914
2511.10942
2511.10984
2511.10991
2511.10993
2511.11038
2511.11104
2511.11132
2511.11139
2511.11162
2511.11177
2511.11185
2511.11236
2511.11243
2511.11250
2511.11279
2511.11301
2511.11306
2511.11307
2511.11313
2511.11317
2511.11344
2511.11348
2511.11418
2511.11423
2511.11427
2511.11440
2511.11446
2511.11453
2511.11460
2511.11485
2511.11503
2511.11529
2511.11542
2511.11699
2511.11816
2511.11945
2511.12073
2511.12075
2511.12100
2511.12109
2511.12150
2511.12151
2511.12180
2511.12255
2511.12285
2511.12301
2511.12347
2511.12386
2511.12495
2511.12533
2511.12547
2511.12573
2511.12602
2511.12662
2511.12784
2511.12828
2511.12851
2511.12870
2511.12875
2511.12893
2511.12913
2511.12963
2511.12964
2511.12976
2511.12988
2511.12991
2511.13001
2511.13023
2511.13036
2511.13052
2511.13057
2511.13061
2511.13062
2511.13106
2511.13115
2511.13144
2511.13159
2511.13223
2511.13264
2511.13271
2511.13273
2511.13278
2511.13283
2511.13293
2511.13300
2511.13326
2511.13333
2511.13339
2511.13368
2511.13373
2511.13419
2511.13467
2511.13485
2511.13523
2511.13640
2511.13644
2511.13676
2511.13689
2511.13704
2511.13715
2511.13720
2511.13884
2511.13918
2511.14018
2511.14063
2511.14070
2511.14072
2511.14082
2511.14104
2511.14107
2511.14111
2511.14116
2511.14121
2511.14131
2511.14153
2511.14169
2511.14186
2511.14197
2511.14219
2511.14238
2511.14255
2511.14258
2511.14282
2511.14302
2511.14312
2511.14396
2511.14403
2511.14405
2511.14406
2511.14410
2511.14445
2511.14455
2511.14515
2511.14521
2511.14531
2511.14599
2511.14600
2511.14619
2511.14650
2511.14671
2511.14688
2511.14694
2511.14719
2511.14721
2511.14753
2511.14758
2511.14774
2511.14779
2511.14824
2511.14920
2511.14981
2511.15000
2511.15015
2511.15055
2511.15073
2511.15098
2511.15109
2511.15122
2511.15125
2511.15173
2511.15183
2511.15190
2511.15197
2511.15241
2511.15242
2511.15244
2511.15253
2511.15299
2511.15300
2511.15363
2511.15369
2511.15375
2511.15390
2511.15411
2511.15418
2511.15434
2511.15470
2511.15474
2511.15481
2511.15499
2511.15535
2511.15565
2511.15567
2511.15572
2511.15638
2511.15694
2511.15699
2511.15771
2511.15826
2511.15833
2511.15854
2511.15950
2511.15958
2511.15974
2511.15986
2511.16037
2511.16049
2511.16061
2511.16114
2511.16137
2511.16144
2511.16147
2511.16156
2511.16200
2511.16222
2511.16229
2511.16233
2511.16256
2511.16263
2511.16275
2511.16321
2511.16324
2511.16333
2511.16343
2511.16345
2511.16346
2511.16373
2511.16414
2511.16415
2511.16423
2511.16426
2511.16427
2511.16432
2511.16449
2511.16450
2511.16494
2511.16527
2511.16541
2511.16543
2511.16544
2511.16571
2511.16592
2511.16595
2511.16600
2511.16624
2511.16639
2511.16651
2511.16653
2511.16664
2511.16665
2511.16668
2511.16674
2511.16711
2511.16765
2511.16786
2511.16796
2511.16876
2511.16889
2511.16943
2511.16980
2511.17012
2511.17041
2511.17108
2511.17111
2511.17123
2511.17129
2511.17135
2511.17137
2511.17153
2511.17178
2511.17179
2511.17185
2511.17205
2511.17217
2511.17238
2511.17242
2511.17255
2511.17282
2511.17290
2511.17305
2511.17362
2511.17366
2511.17393
2511.17419
2511.17421
2511.17425
2511.17448
2511.17455
2511.17475
2511.17477
2511.17501
2511.17813
2511.17841
2511.17854
2511.18031
2511.18158
2511.18204
2511.18221
2511.18294
2511.18316
2511.18411
2511.18434
2511.18487
2511.18552
2511.18578
2511.18617
2511.18643
2511.18668
2511.18689
2511.18691
2511.18692
2511.18706
2511.18726
2511.18760
2511.18774
2511.18822
2511.18826
2511.18829
2511.18831
2511.18832
2511.18835
2511.18842
2511.18848
2511.18864
2511.18869
2511.18870
2511.18890
2511.18920
2511.18934
2511.18936
2511.18950
2511.18977
2511.18983
2511.18993
2511.19072
2511.19141
2511.19228
2511.19229
2511.19246
2511.19272
2511.19324
2511.19325
2511.19330
2511.19343
2511.19371
2511.19394
2511.19401
2511.19417
2511.19418
2511.19422
2511.19478
2511.19519
2511.19671
2511.19676
2511.19694
2511.19704
2511.19705
2511.19718
2511.19751
2511.19760
2511.19780
2511.19822
2511.19826
2511.19917
2511.19928
2511.19935
2511.19947
2511.19969
2511.19974
2511.19976
2511.19983
2511.19986
2511.20006
2511.20065
2511.20085
2511.20095
2511.20107
2511.20141
2511.20143
2511.20149
2511.20151
2511.20182
2511.20183
2511.20200
2511.20202
2511.20220
2511.20258
2511.20293
2511.20302
2511.20307
2511.20312
2511.20314
2511.20359
2511.20382
2511.20410
2511.20431
2511.20439
2511.20445
2511.20448
2511.20462
2511.20470
2511.20478
2511.20497
2511.20503
2511.20510
2511.20515
2511.20534
2511.20561
2511.20587
2511.20621
2511.20623
2511.20629
2511.20641
2511.20660
2511.20804
2511.20872
2511.20973
2511.20974
2511.20997
2511.21005
2511.21022
2511.21032
2511.21035
2511.21045
2511.21051
2511.21063
2511.21084
2511.21088
2511.21089
2511.21106
2511.21107
2511.21119
2511.21122
2511.21150
2511.21227
2511.21235
2511.21250
2511.21270
2511.21285
2511.21332
2511.21335
2511.21352
2511.21389
2511.21398
2511.21409
2511.21416
2511.21456
2511.21465
2511.21475
2511.21476
2511.21503
2511.21513
2511.21517
2511.21523
2511.21545
2511.21574
2511.21579
2511.21582
2511.21600
2511.21613
2511.21614
2511.21652
2511.21673
2511.21686
2511.21689
2511.21704
2511.21734
2511.21761
2511.21872
2511.21878
2511.21930
2511.21940
2511.21989
2511.22229
2511.22293
2511.22362
2511.22429
2511.22443
2511.22456
2511.22460
2511.22466
2511.22481
2511.22483
2511.22549
2511.22551
2511.22584
2511.22677
2511.22699
2511.22739
2511.22752
2511.22769
2511.22849
2511.22873
2511.22880
2511.22891
2511.22924
2511.22935
2511.22950
2511.23059
2511.23066
2511.23085
2511.23088
2511.23098
2511.23113
2511.23119
2511.23122
2511.23146
2511.23173
2511.23204
2511.23225
2511.23227
2511.23231
2511.23241
2511.23271
2511.23282
2511.23318
2511.23321
2511.23335
2511.23342
2511.23370
2511.23375
2511.23383
2511.23386
2511.23393
2511.23397
2511.23402
2511.23442
2511.23450
2511.23469
2511.23476
2512.00130
2512.00134
2512.00161
2512.00234
2512.00251
2512.00274
2512.00333
2512.00438
2512.00487
2512.00511
2512.00563
2512.00626
2512.00716
2512.00727
2512.00756
2512.00772
2512.00887
2512.00937
2512.00956
2512.01016
2512.01059
2512.01116
2512.01147
2512.01181
2512.01187
2512.01198
2512.01252
2512.01267
2512.01292
2512.01296
2512.01343
2512.01356
2512.01405
2512.01443
2512.01446
2512.01481
2512.01512
2512.01517
2512.01533
2512.01536
2512.01540
2512.01546
2512.01558
2512.01603
2512.01605
2512.01675
2512.01788
2512.01789
2512.01803
2512.01809
2512.01820
2512.01831
2512.01852
2512.01865
2512.01872
2512.01892
2512.01895
2512.01949
2512.01953
2512.01970
2512.01976
2512.01980
2512.01983
2512.02008
2512.02010
2512.02012
2512.02015
2512.02027
2512.02091
2512.02141
2512.02185
2512.02201
2512.02213
2512.02216
2512.02221
2512.02231
2512.02240
2512.02276
2512.02278
2512.02303
2512.02351
2512.02361
2512.02403
2512.02409
2512.02421
2512.02438
2512.02441
2512.02461
2512.02469
2512.02515
2512.02516
2512.02523
2512.02543
2512.02554
2512.02555
2512.02567
2512.02584
2512.02593
2512.02626
2512.02634
2512.02681
2512.02686
2512.02700
2512.02711
2512.02712
2512.02716
2512.02721
2512.02730
2512.02731
2512.02759
2512.02764
2512.02781
2512.02791
2512.02799
2512.02817
2512.02834
2512.02841
2512.02845
2512.02861
2512.02863
2512.02895
2512.02901
2512.02910
2512.02924
2512.02965
2512.02967
2512.02987
2512.03014
2512.03024
2512.03025
2512.03030
2512.03036
2512.03086
2512.03171
2512.03197
2512.03244
2512.03301
2512.03324
2512.03343
2512.03346
2512.03360
2512.03375
2512.03377
2512.03383
2512.03402
2512.03434
2512.03499
2512.03514
2512.03537
2512.03538
2512.03579
2512.03584
2512.03608
2512.03620
2512.03643
2512.03663
2512.03669
2512.03673
2512.03724
2512.03737
2512.03794
2512.03817
2512.03834
2512.03895
2512.03905
2512.03976
2512.03989
2512.03992
2512.03996
2512.04019
2512.04025
2512.04039
2512.04040
2512.04048
2512.04084
2512.04139
2512.04145
2512.04164
2512.04197
2512.04222
2512.04223
2512.04264
2512.04296
2512.04309
2512.04359
2512.04413
2512.04443
2512.04457
2512.04461
2512.04501
2512.04520
2512.04545
2512.04550
2512.04551
2512.04552
2512.04562
2512.04581
2512.04620
2512.04625
2512.04678
2512.04691
2512.04695
2512.04720
2512.04746
2512.04748
2512.04763
2512.04765
2512.04771
2512.04779
2512.04786
2512.04810
2512.04821
2512.04857
2512.04939
2512.04952
2512.04974
2512.05000
2512.05015
2512.05016
2512.05021
2512.05033
2512.05058
2512.05073
2512.05079
2512.05080
2512.05081
2512.05100
2512.05105
2512.05111
2512.05115
2512.05126
2512.05217
2512.05267
2512.05311
2512.05343
2512.05359
2512.05385
2512.05391
2512.05397
2512.05409
2512.05412
2512.05418
2512.05439
2512.05446
2512.05500
2512.05511
2512.05518
2512.05590
2512.05597
2512.05613
2512.05650
2512.05658
2512.05663
2512.05732
2512.05746
2512.05803
2512.05839
2512.05916
2512.05928
2512.05936
2512.05937
2512.05950
2512.05958
2512.05992
2512.05994
2512.06022
2512.06062
2512.06169
2512.06230
2512.06239
2512.06243
2512.06266
2512.06288
2512.06337
2512.06353
2512.06393
2512.06440
2512.06490
2512.06502
2512.06515
2512.06555
2512.06562
2512.06570
2512.06582
2512.06609
2512.06621
2512.06630
2512.06660
2512.06674
2512.06711
2512.06757
2512.06769
2512.06811
2512.06858
2512.06877
2512.06938
2512.06950
2512.06987
2512.07051
2512.07090
2512.07112
2512.07142
2512.07165
2512.07192
2512.07195
2512.07197
2512.07208
2512.07209
2512.07229
2512.07277
2512.07366
2512.07374
2512.07391
2512.07419
2512.07454
2512.07512
2512.07522
2512.07538
2512.07540
2512.07571
2512.07580
2512.07602
2512.07616
2512.07703
2512.07762
2512.07811
2512.08006
2512.08176
2512.08198
2512.08211
2512.08237
2512.08240
2512.08267
2512.08282
2512.08283
2512.08440
2512.08464
2512.08475
2512.08493
2512.08524
2512.08542
2512.08613
2512.08617
2512.08648
2512.08700
2512.08751
2512.08785
2512.08802
2512.08809
2512.08869
2512.08870
2512.08875
2512.08924
2512.08973
2512.08996
2512.09000
2512.09005
2512.09010
2512.09067
2512.09069
2512.09084
2512.09142
2512.09202
2512.09238
2512.09356
2512.09364
2512.09369
2512.09403
2512.09407
2512.09469
2512.09477
2512.09504
2512.09514
2512.09566
2512.09572
2512.09579
2512.09610
2512.09619
2512.09654
2512.09707
2512.09713
2512.09779
2512.09827
2512.09829
2512.09854
2512.09872
2512.09886
2512.09897
2512.09910
2512.09927
2512.09963
2512.10011
2512.10054
2512.10110
2512.10121
2512.10131
2512.10178
2512.10227
2512.10287
2512.10334
2512.10369
2512.10443
2512.10450
2512.10466
2512.10522
2512.10587
2512.10602
2512.10611
2512.10624
2512.10626
2512.10652
2512.10692
2512.10696
2512.10720
2512.10734
2512.10741
2512.10750
2512.10770
2512.10857
2512.10891
2512.10903
2512.10918
2512.10922
2512.10967
2512.10968
2512.11057
2512.11071
2512.11074
2512.11104
2512.11109
2512.11130
2512.11135
2512.11241
2512.11275
2512.11279
2512.11280
2512.11325
2512.11348
2512.11358
2512.11366
2512.11388
2512.11415
2512.11511
2512.11512
2512.11523
2512.11534
2512.11543
2512.11654
2512.11683
2512.11719
2512.11783
2512.11797
2512.11874
2512.12063
2512.12070
2512.12129
2512.12170
2512.12175
2512.12240
2512.12288
2512.12297
2512.12395
2512.12431
2512.12461
2512.12482
2512.12508
2512.12537
2512.12543
2512.12549
2512.12560
2512.12610
2512.12677
2512.12701
2512.12713
2512.12736
2512.12740
2512.12769
2512.12824
2512.12847
2512.12850
2512.12880
2512.12930
2512.12932
2512.12964
2512.12975
2512.12981
2512.12990
2512.13018
2512.13133
2512.13164
2512.13175
2512.13192
2512.13233
2512.13251
2512.13264
2512.13316
2512.13336
2512.13342
2512.13396
2512.13454
2512.13472
2512.13478
2512.13480
2512.13487
2512.13494
2512.13541
2512.13552
2512.13617
2512.13636
2512.13652
2512.13654
2512.13656
2512.13666
2512.13677
2512.13684
2512.13686
2512.13749
2512.13757
2512.13855
2512.13874
2512.13886
2512.13905
2512.13915
2512.13950
2512.13987
2512.14043
2512.14047
2512.14052
2512.14083
2512.14085
2512.14090
2512.14169
2512.14179
2512.14190
2512.14220
2512.14235
2512.14237
2512.14241
2512.14284
2512.14291
2512.14329
2512.14352
2512.14360
2512.14465
2512.14481
2512.14500
2512.14531
2512.14537
2512.14562
2512.14576
2512.14621
2512.14628
2512.14644
2512.14653
2512.14661
2512.14689
2512.14692
2512.14697
2512.14754
2512.14893
2512.14903
2512.14926
2512.14954
2512.15041
2512.15060
2512.15092
2512.15109
2512.15137
2512.15180
2512.15186
2512.15226
2512.15233
2512.15270
2512.15306
2512.15310
2512.15311
2512.15326
2512.15335
2512.15342
2512.15347
2512.15358
2512.15423
2512.15466
2512.15531
2512.15556
2512.15581
2512.15586
2512.15634
2512.15641
2512.15657
2512.15675
2512.15702
2512.15769
2512.15774
2512.15943
2512.15946
2512.16029
2512.16081
2512.16089
2512.16093
2512.16101
2512.16138
2512.16149
2512.16168
2512.16183
2512.16237
2512.16238
2512.16282
2512.16284
2512.16401
2512.16473
2512.16642
2512.16709
2512.16740
2512.16802
2512.16855
2512.16896
2512.16905
2512.17038
2512.17040
2512.17043
2512.17053
2512.17073
2512.17092
2512.17108
2512.17198
2512.17247
2512.17260
2512.17277
2512.17293
2512.17313
2512.17352
2512.17356
2512.17374
2512.17423
2512.17453
2512.17459
2512.17474
2512.17504
2512.17515
2512.17528
2512.17555
2512.17561
2512.17585
2512.17629
2512.17630
2512.17640
2512.17657
2512.17659
2512.17720
2512.17730
2512.17771
2512.17783
2512.17855
2512.17915
2512.17932
2512.18004
2512.18027
2512.18046
2512.18126
2512.18127
2512.18241
2512.18263
2512.18318
2512.18335
2512.18371
2512.18388
2512.18425
2512.18451
2512.18478
2512.18524
2512.18533
2512.18539
2512.18551
2512.18593
2512.18622
2512.18635
2512.18687
2512.18699
2512.18747
2512.18791
2512.18809
2512.18837
2512.18906
2512.18927
2512.18934
2512.18953
2512.18967
2512.18971
2512.18988
2512.19024
2512.19049
2512.19057
2512.19069
2512.19090
2512.19093
2512.19108
2512.19125
2512.19161
2512.19206
2512.19219
2512.19243
2512.19250
2512.19270
2512.19336
2512.19361
2512.19367
2512.19400
2512.19420
2512.19426
2512.19433
2512.19442
2512.19443
2512.19445
2512.19450
2512.19455
2512.19469
2512.19488
2512.19552
2512.19560
2512.19589
2512.19602
2512.19609
2512.19612
2512.19628
2512.19632
2512.19667
2512.19676
2512.19682
2512.19865
2512.19879
2512.19909
2512.19972
2512.20032
2512.20041
2512.20093
2512.20120
2512.20151
2512.20194
2512.20203
2512.20204
2512.20211
2512.20271
2512.20272
2512.20291
2512.20306
2512.20330
2512.20420
2512.20448
2512.20479
2512.20482
2512.20561
2512.20612
2512.20777
2512.20815
2512.20877
2512.20892
2512.20920
2512.20937
2512.20943
2512.20970
2512.20978
2512.20980
2512.20981
2512.20988
2512.21002
2512.21011
2512.21019
2512.21022
2512.21069
2512.21129
2512.21135
2512.21174
2512.21280
2512.21288
2512.21333
2512.21372
2512.21395
2512.21452
2512.21508
2512.21526
2512.21527
2512.21529
2512.21544
2512.21566
2512.21572
2512.21573
2512.21576
2512.21579
2512.21580
2512.21584
2512.21593
2512.21651
2512.21677
2512.21694
2512.21702
2512.21708
2512.21720
2512.21787
2512.21788
2512.21791
2512.21798
2512.21828
2512.21835
2512.21837
2512.21842
2512.21856
2512.21905
2512.21919
2512.21984
2512.22031
2512.22106
2512.22146
2512.22165
2512.22185
2512.22272
2512.22304
2512.22307
2512.22337
2512.22378
2512.22397
2512.22398
2512.22455
2512.22483
2512.22491
2512.22495
2512.22650
2512.22653
2512.22671
2512.22672
2512.22732
2512.22742
2512.22748
2512.22796
2512.22882
2512.22911
2512.22932
2512.22973
2512.22976
2512.23014
2512.23017
2512.23033
2512.23041
2512.23062
2512.23071
2512.23073
2512.23087
2512.23119
2512.23130
2512.23147
2512.23165
2512.23190
2512.23200
2512.23210
2512.23227
2512.23239
2512.23260
2512.23278
2512.23300
2512.23329
2512.23356
2512.23366
2512.23367
2512.23375
2512.23393
2512.23435
2512.23447
2512.23485
2512.23594
2512.23610
2512.23686
2512.23747
2512.23808
2512.23832
2512.23853
2512.23862
2512.23898
2512.23914
2512.23930
2512.23969
2512.23978
2512.24018
2512.24019
2512.24092
2512.24124
2512.24217
2512.24227
2512.24254
2512.24278
2512.24379
2512.24388
2512.24391
2512.24410
2512.24446
2512.24449
2512.24495
2512.24508
2512.24545
2512.24547
2512.24603
2512.24625
2512.24627
2512.24663
2512.24667
2512.24693
2512.24700
2512.24713
2512.24739
2512.24740
2512.24787
2512.24801
2512.24842
2512.24861
2512.24965
2512.24971
2512.25034
2601.00160
2601.00202
2601.00217
2601.00218
2601.00222
2601.00229
2601.00231
2601.00237
2601.00254
2601.00256
2601.00263
2601.00282
2601.00286
2601.00303
2601.00307
2601.00309
2601.00311
2601.00359
2601.00364
2601.00382
2601.00434
2601.00446
2601.00450
2601.00456
2601.00459
2601.00490
2601.00525
2601.00526
2601.00543
2601.00545
2601.00549
2601.00557
2601.00608
2601.00668
2601.00672
2601.00675
2601.00679
2601.00714
2601.00760
2601.00785
2601.00814
2601.00832
2601.00860
2601.00886
2601.00890
2601.00918
2601.00964
2601.01002
2601.01026
2601.01037
2601.01045
2601.01064
2601.01085
2601.01088
2601.01103
2601.01112
2601.01181
2601.01183
2601.01188
2601.01204
2601.01239
2601.01244
2601.01260
2601.01299
2601.01378
2601.01405
2601.01426
2601.01439
2601.01446
2601.01459
2601.01461
2601.01484
2601.01487
2601.01507
2601.01528
2601.01562
2601.01568
2601.01619
2601.01687
2601.01696
2601.01701
2601.01708
2601.01721
2601.01762
2601.01804
2601.01852
2601.01865
2601.01892
2601.01927
2601.01937
2601.01979
2601.01984
2601.01992
2601.01993
2601.02065
2601.02073
2601.02103
2601.02135
2601.02203
2601.02213
2601.02249
2601.02273
2601.02298
2601.02301
2601.02346
2601.02353
2601.02357
2601.02428
2601.02437
2601.02455
2601.02500
2601.02535
2601.02563
2601.02674
2601.02680
2601.02688
2601.02700
2601.02709
2601.02712
2601.02728
2601.02731
2601.02753
2601.02754
2601.02760
2601.02850
2601.02867
2601.02888
2601.02906
2601.02914
2601.02933
2601.02944
2601.02947
2601.02956
2601.02970
2601.02971
2601.02997
2601.03066
2601.03121
2601.03135
2601.03168
2601.03170
2601.03195
2601.03205
2601.03211
2601.03332
2601.03333
2601.03391
2601.03397
2601.03400
2601.03403
2601.03417
2601.03484
2601.03495
2601.03512
2601.03534
2601.03544
2601.03558
2601.03606
2601.03610
2601.03613
2601.03632
2601.03648
2601.03669
2601.03676
2601.03684
2601.03704
2601.03712
2601.03740
2601.03752
2601.03776
2601.03784
2601.03790
2601.03792
2601.03793
2601.03812
2601.03819
2601.03839
2601.03851
2601.03855
2601.03874
2601.03885
2601.03888
2601.03928
2601.03973
2601.03988
2601.03992
2601.04029
2601.04036
2601.04069
2601.04110
2601.04159
2601.04171
2601.04233
2601.04262
2601.04263
2601.04264
2601.04278
2601.04348
2601.04373
2601.04395
2601.04407
2601.04508
2601.04519
2601.04534
2601.04538
2601.04587
2601.04588
2601.04654
2601.04656
2601.04666
2601.04674
2601.04719
2601.04823
2601.04875
2601.04973
2601.04999
2601.05028
2601.05038
2601.05157
2601.05163
2601.05167
2601.05187
2601.05212
2601.05243
2601.05305
2601.05329
2601.05355
2601.05364
2601.05368
2601.05379
2601.05388
2601.05394
2601.05398
2601.05407
2601.05420
2601.05432
2601.05508
2601.05513
2601.05526
2601.05552
2601.05554
2601.05574
2601.05580
2601.05583
2601.05605
2601.05609
2601.05611
2601.05624
2601.05635
2601.05637
2601.05639
2601.05641
2601.05684
2601.05699
2601.05707
2601.05776
2601.05858
2601.05913
2601.05923
2601.06006
2601.06022
2601.06086
2601.06093
2601.06127
2601.06232
2601.06235
2601.06243
2601.06305
2601.06307
2601.06341
2601.06352
2601.06356
2601.06368
2601.06395
2601.06400
2601.06406
2601.06463
2601.06466
2601.06471
2601.06483
2601.06496
2601.06560
2601.06573
2601.06619
2601.06675
2601.06700
2601.06702
2601.06725
2601.06779
2601.06787
2601.06788
2601.06790
2601.06792
2601.06823
2601.06844
2601.06861
2601.06884
2601.06896
2601.06953
2601.06959
2601.06972
2601.06991
2601.06994
2601.07033
2601.07038
2601.07041
2601.07048
2601.07064
2601.07074
2601.07139
2601.07152
2601.07155
2601.07190
2601.07212
2601.07218
2601.07274
2601.07314
2601.07338
2601.07366
2601.07393
2601.07396
2601.07416
2601.07462
2601.07463
2601.07469
2601.07475
2601.07507
2601.07556
2601.07584
2601.07607
2601.07646
2601.07648
2601.07667
2601.07675
2601.07760
2601.07790
2601.07795
2601.07891
2601.07892
2601.07957
2601.07958
2601.07994
2601.08033
2601.08044
2601.08067
2601.08089
2601.08121
2601.08127
2601.08169
2601.08174
2601.08190
2601.08262
2601.08300
2601.08301
2601.08331
2601.08348
2601.08379
2601.08387
2601.08388
2601.08412
2601.08450
2601.08468
2601.08516
2601.08558
2601.08584
2601.08589
2601.08608
2601.08629
2601.08645
2601.08663
2601.08699
2601.08707
2601.08860
2601.08893
2601.09012
2601.09026
2601.09050
2601.09059
2601.09066
2601.09093
2601.09103
2601.09112
2601.09116
2601.09118
2601.09136
2601.09153
2601.09165
2601.09170
2601.09176
2601.09179
2601.09185
2601.09191
2601.09209
2601.09216
2601.09230
2601.09239
2601.09247
2601.09254
2601.09269
2601.09270
2601.09291
2601.09306
2601.09331
2601.09352
2601.09361
2601.09382
2601.09385
2601.09413
2601.09461
2601.09474
2601.09489
2601.09496
2601.09512
2601.09529
2601.09555
2601.09603
2601.09648
2601.09654
2601.09666
2601.09684
2601.09694
2601.09698
2601.09703
2601.09710
2601.09716
2601.09725
2601.09732
2601.09809
2601.09814
2601.09823
2601.09865
2601.09979
2601.09982
2601.09985
2601.10011
2601.10037
2601.10043
2601.10045
2601.10096
2601.10143
2601.10155
2601.10187
2601.10205
2601.10246
2601.10257
2601.10315
2601.10318
2601.10344
2601.10388
2601.10410
2601.10553
2601.10566
2601.10629
2601.10657
2601.10679
2601.10701
2601.10710
2601.10765
2601.10789
2601.10801
2601.10804
2601.10819
2601.10823
2601.10837
2601.10933
2601.11002
2601.11024
2601.11035
2601.11087
2601.11141
2601.11183
2601.11200
2601.11219
2601.11220
2601.11234
2601.11248
2601.11258
2601.11269
2601.11350
2601.11427
2601.11447
2601.11464
2601.11475
2601.11565
2601.11629
2601.11776
2601.11778
2601.11872
2601.11985
2601.12124
2601.12164
2601.12199
2601.12249
2601.12254
2601.12272
2601.12289
2601.12308
2601.12313
2601.12318
2601.12329
2601.12368
2601.12370
2601.12375
2601.12462
2601.12480
2601.12494
2601.12535
2601.12549
2601.12600
2601.12638
2601.12693
2601.12696
2601.12714
2601.12731
2601.12757
2601.12769
2601.12785
2601.12814
2601.12842
2601.12870
2601.12894
2601.12910
2601.12946
2601.12950
2601.12966
2601.12988
2601.12990
2601.12996
2601.13044
2601.13099
2601.13100
2601.13155
2601.13162
2601.13192
2601.13197
2601.13205
2601.13245
2601.13303
2601.13319
2601.13322
2601.13365
2601.13394
2601.13445
2601.13502
2601.13539
2601.13563
2601.13579
2601.13637
2601.13658
2601.13679
2601.13692
2601.13729
2601.13758
2601.13801
2601.13826
2601.13851
2601.13870
2601.13879
2601.13910
2601.13931
2601.13953
2601.13964
2601.14046
2601.14051
2601.14053
2601.14124
2601.14160
2601.14228
2601.14240
2601.14298
2601.14304
2601.14327
2601.14334
2601.14417
2601.14450
2601.14472
2601.14510
2601.14518
2601.14549
2601.14568
2601.14590
2601.14595
2601.14619
2601.14699
2601.14718
2601.14720
2601.14728
2601.14746
2601.14751
2601.14786
2601.14791
2601.14803
2601.14821
2601.14888
2601.14938
2601.14994
2601.15014
2601.15017
2601.15055
2601.15079
2601.15094
2601.15124
2601.15170
2601.15209
2601.15236
2601.15269
2601.15287
2601.15339
2601.15366
2601.15390
2601.15392
2601.15394
2601.15417
2601.15476
2601.15504
2601.15538
2601.15596
2601.15621
2601.15624
2601.15649
2601.15657
2601.15707
2601.15710
2601.15722
2601.15743
2601.15760
2601.15767
2601.15779
2601.15813
2601.15838
2601.15865
2601.15892
2601.15943
2601.16023
2601.16065
2601.16073
2601.16093
2601.16113
2601.16117
2601.16120
2601.16126
2601.16140
2601.16158
2601.16199
2601.16210
2601.16212
2601.16214
2601.16231
2601.16244
2601.16278
2601.16312
2601.16316
2601.16390
2601.16461
2601.16469
2601.16492
2601.16494
2601.16536
2601.16549
2601.16550
2601.16615
2601.16623
2601.16627
2601.16629
2601.16639
2601.16660
2601.16703
2601.16746
2601.16766
2601.16780
2601.16793
2601.16895
2601.16936
2601.16963
2601.16976
2601.17022
2601.17041
2601.17057
2601.17062
2601.17086
2601.17097
2601.17143
2601.17187
2601.17195
2601.17215
2601.17228
2601.17270
2601.17275
2601.17290
2601.17332
2601.17357
2601.17364
2601.17374
2601.17391
2601.17397
2601.17407
2601.17489
2601.17532
2601.17533
2601.17555
2601.17556
2601.17586
2601.17590
2601.17616
2601.17625
2601.17666
2601.17671
2601.17679
2601.17694
2601.17764
2601.17773
2601.17781
2601.17818
2601.17823
2601.17868
2601.17898
2601.17902
2601.17905
2601.17910
2601.17917
2601.17921
2601.17927
2601.17934
2601.17982
2601.17987
2601.18006
2601.18037
2601.18091
2601.18105
2601.18164
2601.18190
2601.18197
2601.18220
2601.18228
2601.18251
2601.18266
2601.18267
2601.18335
2601.18339
2601.18351
2601.18393
2601.18396
2601.18415
2601.18438
2601.18447
2601.18492
2601.18493
2601.18539
2601.18542
2601.18556
2601.18560
2601.18629
2601.18641
2601.18676
2601.18694
2601.18716
2601.18728
2601.18734
2601.18756
2601.18765
2601.18780
2601.18782
2601.18886
2601.18899
2601.18909
2601.18932
2601.19001
2601.19022
2601.19026
2601.19040
2601.19051
2601.19089
2601.19113
2601.19117
2601.19122
2601.19124
2601.19127
2601.19205
2601.19213
2601.19256
2601.19262
2601.19278
2601.19293
2601.19320
2601.19350
2601.19360
2601.19383
2601.19410
2601.19446
2601.19451
2601.19498
2601.19503
2601.19533
2601.19541
2601.19622
2601.19634
2601.19668
2601.19675
2601.19743
2601.19767
2601.19781
2601.19786
2601.19794
2601.19822
2601.19858
2601.19871
2601.19876
2601.19919
2601.19939
2601.19945
2601.19960
2601.19969
2601.20009
2601.20088
2601.20094
2601.20105
2601.20107
2601.20142
2601.20168
2601.20199
2601.20226
2601.20228
2601.20230
2601.20231
2601.20246
2601.20262
2601.20267
2601.20286
2601.20300
2601.20301
2601.20317
2601.20332
2601.20334
2601.20339
2601.20342
2601.20351
2601.20369
2601.20417
2601.20467
2601.20481
2601.20510
2601.20524
2601.20526
2601.20531
2601.20548
2601.20564
2601.20573
2601.20623
2601.20669
2601.20701
2601.20745
2601.20769
2601.20771
2601.20784
2601.20831
2601.20845
2601.20858
2601.20876
2601.20881
2601.20890
2601.20896
2601.20898
2601.20900
2601.20992
2601.20995
2601.21000
2601.21025
2601.21057
2601.21061
2601.21069
2601.21077
2601.21092
2601.21109
2601.21129
2601.21182
2601.21193
2601.21198
2601.21215
2601.21219
2601.21238
2601.21241
2601.21246
2601.21288
2601.21296
2601.21307
2601.21308
2601.21337
2601.21345
2601.21347
2601.21349
2601.21365
2601.21369
2601.21386
2601.21402
2601.21420
2601.21449
2601.21469
2601.21483
2601.21517
2601.21531
2601.21542
2601.21543
2601.21551
2601.21564
2601.21611
2601.21626
2601.21630
2601.21637
2601.21649
2601.21684
2601.21699
2601.21706
2601.21709
2601.21716
2601.21722
2601.21831
2601.21851
2601.21864
2601.21868
2601.21886
2601.21925
2601.21955
2601.21960
2601.21964
2601.21968
2601.21996
2601.22018
2601.22029
2601.22033
2601.22068
2601.22090
2601.22093
2601.22124
2601.22132
2601.22156
2601.22244
2601.22257
2601.22298
2601.22347
2601.22362
2601.22427
2601.22434
2601.22455
2601.22515
2601.22546
2601.22556
2601.22563
2601.22581
2601.22586
2601.22588
2601.22631
2601.22632
2601.22645
2601.22650
2601.22661
2601.22675
2601.22692
2601.22708
2601.22709
2601.22716
2601.22732
2601.22777
2601.22779
2601.22787
2601.22792
2601.22803
2601.22828
2601.22851
2601.22873
2601.22887
2601.22889
2601.22905
2601.22931
2601.22961
2601.23001
2601.23052
2601.23068
2601.23105
2601.23148
2601.23149
2601.23151
2601.23153
2601.23159
2601.23183
2601.23206
2601.23225
2601.23238
2601.23255
2601.23259
2602.00046
2602.00114
2602.00199
2602.00295
2602.00357
2602.00414
2602.00443
2602.00608
2602.00760
2602.00822
2602.00848
2602.00949
2602.00981
2602.01008
2602.01032
2602.01068
2602.01139
2602.01169
2602.01206
2602.01208
2602.01270
2602.01273
2602.01283
2602.01289
2602.01388
2602.01395
2602.01459
2602.01472
2602.01509
2602.01510
2602.01522
2602.01542
2602.01546
2602.01553
2602.01602
2602.01609
2602.01613
2602.01618
2602.01709
2602.01717
2602.01741
2602.01767
2602.01775
2602.01793
2602.01829
2602.01832
2602.01842
2602.01870
2602.01881
2602.01901
2602.01908
2602.01956
2602.01967
2602.01975
2602.01976
2602.01997
2602.02001
2602.02007
2602.02009
2602.02025
2602.02035
2602.02047
2602.02056
2602.02070
2602.02089
2602.02100
2602.02107
2602.02110
2602.02126
2602.02151
2602.02159
2602.02163
2602.02192
2602.02199
2602.02212
2602.02222
2602.02287
2602.02318
2602.02338
2602.02355
2602.02358
2602.02440
2602.02469
2602.02473
2602.02542
2602.02591
2602.02619
2602.02632
2602.02633
2602.02635
2602.02711
2602.02739
2602.02751
2602.02806
2602.02811
2602.02821
2602.02827
2602.02838
2602.02841
2602.02848
2602.02883
2602.02891
2602.02899
2602.02928
2602.02943
2602.02951
2602.02955
2602.02958
2602.02978
2602.02995
2602.03019
2602.03022
2602.03043
2602.03051
2602.03060
2602.03102
2602.03111
2602.03118
2602.03123
2602.03134
2602.03140
2602.03152
2602.03176
2602.03182
2602.03207
2602.03214
2602.03219
2602.03220
2602.03237
2602.03245
2602.03295
2602.03300
2602.03310
2602.03312
2602.03314
2602.03316
2602.03352
2602.03359
2602.03411
2602.03419
2602.03420
2602.03472
2602.03495
2602.03505
2602.03527
2602.03533
2602.03537
2602.03538
2602.03551
2602.03555
2602.03566
2602.03586
2602.03612
2602.03614
2602.03615
2602.03622
2602.03632
2602.03633
2602.03641
2602.03669
2602.03696
2602.03730
2602.03742
2602.03776
2602.03782
2602.03810
2602.03815
2602.03822
2602.03839
2602.03845
2602.03873
2602.03907
2602.03918
2602.03935
2602.03974
2602.03983
2602.04009
2602.04019
2602.04054
2602.04077
2602.04101
2602.04153
2602.04160
2602.04163
2602.04166
2602.04182
2602.04190
2602.04208
2602.04215
2602.04217
2602.04233
2602.04241
2602.04253
2602.04260
2602.04278
2602.04295
2602.04337
2602.04442
2602.04491
2602.04535
2602.04537
2602.04556
2602.04595
2602.04613
2602.04669
2602.04677
2602.04680
2602.04695
2602.04703
2602.04716
2602.04729
2602.04764
2602.04770
2602.04776
2602.04789
2602.04852
2602.04895
2602.04900
2602.04926
2602.04929
2602.04939
2602.04944
2602.05012
2602.05032
2602.05081
2602.05085
2602.05106
2602.05107
2602.05148
2602.05173
2602.05201
2602.05202
2602.05207
2602.05227
2602.05232
2602.05242
2602.05243
2602.05271
2602.05295
2602.05307
2602.05323
2602.05339
2602.05353
2602.05367
2602.05374
2602.05406
2602.05440
2602.05443
2602.05452
2602.05499
2602.05508
2602.05522
2602.05567
2602.05599
2602.05605
2602.05641
2602.05694
2602.05708
2602.05711
2602.05770
2602.05790
2602.05809
2602.05830
2602.05833
2602.05838
2602.05902
2602.05903
2602.05909
2602.05932
2602.05940
2602.05961
2602.05988
2602.06017
2602.06022
2602.06035
2602.06043
2602.06053
2602.06110
2602.06122
2602.06213
2602.06271
2602.06390
2602.06534
2602.06546
2602.06620
2602.06695
2602.06772
2602.06806
2602.06849
2602.06964
2602.07014
2602.07068
2602.07126
2602.07132
2602.07208
2602.07211
2602.07272
2602.07309
2602.07374
2602.07375
2602.07442
2602.07457
2602.07465
2602.07479
2602.07518
2602.07534
2602.07547
2602.07548
2602.07555
2602.07561
2602.07574
2602.07590
2602.07596
2602.07616
2602.07711
2602.07729
2602.07786
2602.07803
2602.07804
2602.07819
2602.07830
2602.07848
2602.07849
2602.07889
2602.07899
2602.07954
2602.07960
2602.07963
2602.07978
2602.08062
2602.08067
2602.08097
2602.08136
2602.08163
2602.08168
2602.08182
2602.08189
2602.08210
2602.08224
2602.08233
2602.08239
2602.08240
2602.08269
2602.08293
2602.08299
2602.08322
2602.08339
2602.08376
2602.08446
2602.08505
2602.08564
2602.08590
2602.08600
2602.08612
2602.08615
2602.08625
2602.08641
2602.08646
2602.08660
2602.08669
2602.08698
2602.08726
2602.08794
2602.08818
2602.08820
2602.08858
2602.08905
2602.08916
2602.08937
2602.08976
2602.08996
2602.08999
2602.09041
2602.09042
2602.09043
2602.09044
2602.09080
2602.09130
2602.09158
2602.09169
2602.09182
2602.09220
2602.09235
2602.09288
2602.09295
2602.09306
2602.09309
2602.09316
2602.09323
2602.09366
2602.09372
2602.09373
2602.09389
2602.09395
2602.09445
2602.09448
2602.09483
2602.09484
2602.09509
2602.09519
2602.09524
2602.09570
2602.09587
2602.09590
2602.09593
2602.09628
2602.09642
2602.09670
2602.09691
2602.09694
2602.09717
2602.09730
2602.09785
2602.09813
2602.09816
2602.09821
2602.09823
2602.09826
2602.09866
2602.09872
2602.09883
2602.09914
2602.09929
2602.10003
2602.10006
2602.10027
2602.10049
2602.10074
2602.10105
2602.10143
2602.10157
2602.10164
2602.10167
2602.10217
2602.10312
2602.10330
2602.10350
2602.10355
2602.10357
2602.10388
2602.10404
2602.10431
2602.10441
2602.10445
2602.10455
2602.10459
2602.10531
2602.10544
2602.10549
2602.10583
2602.10631
2602.10643
2602.10698
2602.10699
2602.10718
2602.10722
2602.10735
2602.10743
2602.10776
2602.10778
2602.10811
2602.10816
2602.10818
2602.10847
2602.10869
2602.10965
2602.10967
2602.10988
2602.10993
2602.11004
2602.11008
2602.11066
2602.11139
2602.11140
2602.11141
2602.11172
2602.11272
2602.11298
2602.11353
2602.11422
2602.11444
2602.11477
2602.11513
2602.11543
2602.11546
2602.11565
2602.11604
2602.11655
2602.11672
2602.11686
2602.11726
2602.11761
2602.11780
2602.11810
2602.11882
2602.11908
2602.11911
2602.11926
2602.11933
2602.11937
2602.11961
2602.11965
2602.12004
2602.12005
2602.12009
2602.12021
2602.12041
2602.12045
2602.12063
2602.12065
2602.12088
2602.12172
2602.12173
2602.12205
2602.12241
2602.12249
2602.12262
2602.12275
2602.12279
2602.12370
2602.12381
2602.12390
2602.12394
2602.12486
2602.12526
2602.12546
2602.12552
2602.12574
2602.12609
2602.12618
2602.12624
2602.12656
2602.12674
2602.12687
2602.12704
2602.12723
2602.12744
2602.12746
2602.12852
2602.12902
2602.12911
2602.12922
2602.12936
2602.12947
2602.12954
2602.12982
2602.12986
2602.13030
2602.13047
2602.13052
2602.13066
2602.13073
2602.13087
2602.13140
2602.13151
2602.13263
2602.13270
2602.13319
2602.13427
2602.13452
2602.13567
2602.13573
2602.13595
2602.13607
2602.13628
2602.13631
2602.13636
2602.13665
2602.13693
2602.13710
2602.13731
2602.13761
2602.13764
2602.13770
2602.13834
2602.13837
2602.13844
2602.13867
2602.13889
2602.13890
2602.13891
2602.13928
2602.13953
2602.13954
2602.13988
2602.13993
2602.14010
2602.14018
2602.14028
2602.14032
2602.14040
2602.14041
2602.14054
2602.14060
2602.14062
2602.14078
2602.14089
2602.14143
2602.14177
2602.14250
2602.14301
2602.14302
2602.14338
2602.14352
2602.14356
2602.14423
2602.14428
2602.14432
2602.14488
2602.14490
2602.14512
2602.14514
2602.14578
2602.14584
2602.14649
2602.14655
2602.14664
2602.14671
2602.14675
2602.14682
2602.14686
2602.14728
2602.14751
2602.14763
2602.14896
2602.14960
2602.14986
2602.15007
2602.15013
2602.15038
2602.15139
2602.15143
2602.15155
2602.15164
2602.15184
2602.15188
2602.15189
2602.15200
2602.15224
2602.15243
2602.15270
2602.15306
2602.15328
2602.15368
2602.15377
2602.15378
2602.15382
2602.15383
2602.15396
2602.15405
2602.15451
2602.15493
2602.15506
2602.15547
2602.15554
2602.15563
2602.15651
2602.15675
2602.15720
2602.15724
2602.15749
2602.15751
2602.15755
2602.15764
2602.15816
2602.15819
2602.15826
2602.15829
2602.15845
2602.15878
2602.15917
2602.16023
2602.16065
2602.16086
2602.16098
2602.16124
2602.16157
2602.16160
2602.16249
2602.16320
2602.16334
2602.16337
2602.16343
2602.16379
2602.16449
2602.16469
2602.16564
2602.16611
2602.16640
2602.16653
2602.16660
2602.16675
2602.16690
2602.16712
2602.16749
2602.16835
2602.16839
2602.16876
2602.16896
2602.16951
2602.16957
2602.17047
2602.17051
2602.17052
2602.17063
2602.17089
2602.17095
2602.17116
2602.17120
2602.17130
2602.17145
2602.17196
2602.17221
2602.17283
2602.17284
2602.17287
2602.17327
2602.17366
2602.17393
2602.17395
2602.17425
2602.17471
2602.17478
2602.17510
2602.17554
2602.17559
2602.17598
2602.17634
2602.17655
2602.17658
2602.17664
2602.17761
2602.17787
2602.17809
2602.17865
2602.17924
2602.17974
2602.18006
2602.18116
2602.18131
2602.18216
2602.18227
2602.18248
2602.18332
2602.18420
2602.18457
2602.18507
2602.18549
2602.18583
2602.18584
2602.18591
2602.18633
2602.18658
2602.18694
2602.18697
2602.18721
2602.18742
2602.18744
2602.18749
2602.18758
2602.18788
2602.18831
2602.18846
2602.18858
2602.18861
2602.18874
2602.18896
2602.18904
2602.18907
2602.18922
2602.18952
2602.18959
2602.18966
2602.19005
2602.19031
2602.19033
2602.19058
2602.19066
2602.19111
2602.19113
2602.19134
2602.19161
2602.19166
2602.19167
2602.19174
2602.19188
2602.19198
2602.19219
2602.19316
2602.19324
2602.19333
2602.19385
2602.19437
2602.19449
2602.19461
2602.19503
2602.19549
2602.19555
2602.19565
2602.19574
2602.19583
2602.19600
2602.19622
2602.19626
2602.19652
2602.19654
2602.19753
2602.19756
2602.19763
2602.19796
2602.19799
2602.19848
2602.19881
2602.19926
2602.19967
2602.19974
2602.19982
2602.19991
2602.20008
2602.20011
2602.20061
2602.20070
2602.20083
2602.20097
2602.20117
2602.20194
2602.20195
2602.20219
2602.20289
2602.20293
2602.20306
2602.20309
2602.20329
2602.20405
2602.20409
2602.20417
2602.20467
2602.20537
2602.20551
2602.20566
2602.20595
2602.20650
2602.20662
2602.20666
2602.20670
2602.20676
2602.20727
2602.20732
2602.20773
2602.20816
2602.20923
2602.20930
2602.20951
2602.20981
2602.20986
2602.21002
2602.21009
2602.21042
2602.21133
2602.21342
2602.21374
2602.21395
2602.21397
2602.21429
2602.21436
2602.21442
2602.21543
2602.21591
2602.21600
2602.21606
2602.21647
2602.21652
2602.21662
2602.21669
2602.21757
2602.21780
2602.21786
2602.21818
2602.21820
2602.21948
2602.21956
2602.21965
2602.21987
2602.22029
2602.22039
2602.22124
2602.22125
2602.22136
2602.22295
2602.22345
2602.22351
2602.22437
2602.22441
2602.22453
2602.22462
2602.22479
2602.22495
2602.22522
2602.22539
2602.22549
2602.22554
2602.22555
2602.22559
2602.22562
2602.22586
2602.22591
2602.22592
2602.22596
2602.22607
2602.22629
2602.22658
2602.22695
2602.22730
2602.22759
2602.22765
2602.22896
2602.22911
2602.22938
2602.22948
2602.22984
2602.23012
2602.23040
2602.23068
2602.23069
2602.23085
2602.23113
2602.23120
2602.23153
2602.23171
2602.23188
2602.23192
2602.23200
2602.23204
2602.23230
2602.23235
2602.23252
2602.23258
2602.23281
2602.23289
2602.23304
2602.23311
2602.23312
2602.23333
2602.23334
2602.23349
2602.23358
2602.23359
2602.23387
2602.23400
2602.23436
2602.23455
2602.23518
2602.23543
2602.23566
2602.23578
2602.23579
2602.23580
2602.23587
2602.23620
2602.23625
2602.23632
2602.23653
2602.23663
2602.23699
2602.23734
2602.23765
2602.23784
2602.23795
2602.23852
2602.23863
2602.23871
2602.23978
2602.23999
2602.24002
2602.24059
2602.24119
2602.24136
2602.24174
2602.24240
2602.24245
2602.24266
2602.24283
2603.00128
2603.00194
2603.00347
2603.00425
2603.00430
2603.00433
2603.00439
2603.00443
2603.00458
2603.00509
2603.00510
2603.00527
2603.00563
2603.00573
2603.00592
2603.00609
2603.00614
2603.00615
2603.00634
2603.00651
2603.00675
2603.00683
2603.00698
2603.00720
2603.00755
2603.00802
2603.00829
2603.00842
2603.00846
2603.00910
2603.00911
2603.00918
2603.00941
2603.00947
2603.00958
2603.00961
2603.01050
2603.01115
2603.01174
2603.01220
2603.01231
2603.01236
2603.01361
2603.01376
2603.01399
2603.01400
2603.01415
2603.01425
2603.01444
2603.01459
2603.01467
2603.01500
2603.01535
2603.01544
2603.01565
2603.01599
2603.01655
2603.01659
2603.01666
2603.01685
2603.01739
2603.01757
2603.01759
2603.01776
2603.01800
2603.01875
2603.01878
2603.01894
2603.01965
2603.02010
2603.02015
2603.02029
2603.02032
2603.02122
2603.02193
2603.02246
2603.02252
2603.02258
2603.02283
2603.02285
2603.02364
2603.02368
2603.02411
2603.02422
2603.02430
2603.02464
2603.02511
2603.02536
2603.02546
2603.02554
2603.02591
2603.02598
2603.02599
2603.02724
2603.02727
2603.02738
2603.02804
2603.02847
2603.02883
2603.02885
2603.02897
2603.02901
2603.02969
2603.02990
2603.03010
2603.03017
2603.03045
2603.03060
2603.03075
2603.03131
2603.03146
2603.03196
2603.03203
2603.03311
2603.03359
2603.03378
2603.03380
2603.03389
2603.03412
2603.03471
2603.03486
2603.03508
2603.03535
2603.03580
2603.03598
2603.03681
2603.03726
2603.03748
2603.03752
2603.03777
2603.03805
2603.03807
2603.03808
2603.03811
2603.03877
2603.03956
2603.03959
2603.04058
2603.04064
2603.04083
2603.04088
2603.04124
2603.04130
2603.04135
2603.04145
2603.04162
2603.04219
2603.04223
2603.04227
2603.04232
2603.04296
2603.04308
2603.04336
2603.04340
2603.04355
2603.04359
2603.04423
2603.04545
2603.04565
2603.04652
2603.04698
2603.04707
2603.04720
2603.04759
2603.04791
2603.04800
2603.04817
2603.04851
2603.04893
2603.04901
2603.04933
2603.04945
2603.04956
2603.04957
2603.04966
2603.04995
2603.04996
2603.05010
2603.05042
2603.05046
2603.05048
2603.05072
2603.05079
2603.05094
2603.05105
2603.05116
2603.05121
2603.05168
2603.05172
2603.05180
2603.05194
2603.05204
2603.05231
2603.05232
2603.05267
2603.05299
2603.05308
2603.05314
2603.05343
2603.05354
2603.05373
2603.05396
2603.05413
2603.05421
2603.05437
2603.05447
2603.05500
2603.05553
2603.05582
2603.05663
2603.05681
2603.05726
2603.05728
2603.05791
2603.05796
2603.05800
2603.05805
2603.05806
2603.05811
2603.05813
2603.05819
2603.05822
2603.05825
2603.05852
2603.05868
2603.05873
2603.05878
2603.05888
2603.05933
2603.05950
2603.05960
2603.05964
2603.05974
2603.05977
2603.06003
2603.06030
2603.06084
2603.06130
2603.06147
2603.06178
2603.06193
2603.06198
2603.06222
2603.06231
2603.06243
2603.06270
2603.06310
2603.06362
2603.06373
2603.06404
2603.06440
2603.06444
2603.06454
2603.06467
2603.06480
2603.06492
2603.06505
2603.06507
2603.06623
2603.06661
2603.06704
2603.06720
2603.06742
2603.06773
2603.06782
2603.06894
2603.06972
2603.07003
2603.07017
2603.07022
2603.07027
2603.07066
2603.07091
2603.07107
2603.07127
2603.07135
2603.07148
2603.07191
2603.07192
2603.07228
2603.07263
2603.07314
2603.07336
2603.07346
2603.07357
2603.07364
2603.07371
2603.07372
2603.07383
2603.07404
2603.07454
2603.07464
2603.07468
2603.07472
2603.07513
2603.07516
2603.07517
2603.07527
2603.07528
2603.07534
2603.07543
2603.07550
2603.07551
2603.07554
2603.07570
2603.07645
2603.07654
2603.07753
2603.07774
2603.07789
2603.07832
2603.07835
2603.07904
2603.07912
2603.07927
2603.07932
2603.07957
2603.07964
2603.07966
2603.08022
2603.08038
2603.08046
2603.08058
2603.08064
2603.08065
2603.08083
2603.08097
2603.08100
2603.08126
2603.08153
2603.08177
2603.08185
2603.08227
2603.08231
2603.08249
2603.08256
2603.08258
2603.08260
2603.08282
2603.08337
2603.08343
2603.08361
2603.08364
2603.08397
2603.08445
2603.08453
2603.08462
2603.08506
2603.08516
2603.08553
2603.08574
2603.08793
2603.08823
2603.08832
2603.08879
2603.08936
2603.08960
2603.08987
2603.08995
2603.09009
2603.09034
2603.09149
2603.09161
2603.09173
2603.09174
2603.09192
2603.09212
2603.09213
2603.09215
2603.09222
2603.09231
2603.09253
2603.09255
2603.09306
2603.09374
2603.09386
2603.09392
2603.09403
2603.09408
2603.09468
2603.09480
2603.09493
2603.09511
2603.09513
2603.09517
2603.09527
2603.09551
2603.09576
2603.09577
2603.09582
2603.09624
2603.09625
2603.09627
2603.09632
2603.09643
2603.09677
2603.09681
2603.09684
2603.09689
2603.09696
2603.09708
2603.09727
2603.09785
2603.09792
2603.09839
2603.09853
2603.09865
2603.09881
2603.09933
2603.09936
2603.09950
2603.09998
2603.10082
2603.10160
2603.10188
2603.10236
2603.10254
2603.10298
2603.10342
2603.10351
2603.10420
2603.10444
2603.10451
2603.10468
2603.10469
2603.10495
2603.10526
2603.10540
2603.10544
2603.10560
2603.10562
2603.10563
2603.10565
2603.10587
2603.10592
2603.10598
2603.10604
2603.10609
2603.10634
2603.10701
2603.10713
2603.10761
2603.10775
2603.10791
2603.10799
2603.10823
2603.10873
2603.10877
2603.10885
2603.10899
2603.10902
2603.10904
2603.10910
2603.10937
2603.10967
2603.11014
2603.11021
2603.11089
2603.11090
2603.11123
2603.11128
2603.11168
2603.11195
2603.11201
2603.11239
2603.11243
2603.11244
2603.11273
2603.11341
2603.11342
2603.11378
2603.11407
2603.11474
2603.11489
2603.11505
2603.11513
2603.11520
2603.11531
2603.11536
2603.11578
2603.11607
2603.11620
2603.11625
2603.11653
2603.11661
2603.11678
2603.11680
2603.11683
2603.11686
2603.11736
2603.11743
2603.11756
2603.11764
2603.11784
2603.11858
2603.11873
2603.11881
2603.11917
2603.11928
2603.11964
2603.12021
2603.12026
2603.12027
2603.12046
2603.12050
2603.12086
2603.12089
2603.12091
2603.12106
2603.12112
2603.12149
2603.12165
2603.12191
2603.12208
2603.12222
2603.12250
2603.12296
2603.12316
2603.12342
2603.12343
2603.12350
2603.12354
2603.12366
2603.12372
2603.12378
2603.12398
2603.12442
2603.12451
2603.12493
2603.12538
2603.12577
2603.12591
2603.12592
2603.12645
2603.12652
2603.12655
2603.12659
2603.12669
2603.12696
2603.12733
2603.12740
2603.12760
2603.12870
2603.12904
2603.12906
2603.12920
2603.12932
2603.12933
2603.12983
2603.13045
2603.13089
2603.13115
2603.13131
2603.13160
2603.13213
2603.13220
2603.13321
2603.13367
2603.13376
2603.13386
2603.13488
2603.13507
2603.13518
2603.13566
2603.13659
2603.13695
2603.13733
2603.13770
2603.13793
2603.13824
2603.13927
2603.13928
2603.13943
2603.13967
2603.14032
2603.14053
2603.14140
2603.14183
2603.14185
2603.14186
2603.14219
2603.14224
2603.14228
2603.14239
2603.14267
2603.14269
2603.14276
2603.14304
2603.14316
2603.14328
2603.14380
2603.14409
2603.14432
2603.14440
2603.14452
2603.14486
2603.14526
2603.14536
2603.14549
2603.14563
2603.14591
2603.14593
2603.14621
2603.14704
2603.14738
2603.14756
2603.14763
2603.14764
2603.14767
2603.14779
2603.14798
2603.14818
2603.14819
2603.14853
2603.14873
2603.14877
2603.14887
2603.14898
2603.14903
2603.14923
2603.14946
2603.14951
2603.14958
2603.14985
2603.14997
2603.15003
2603.15005
2603.15026
2603.15037
2603.15045
2603.15085
2603.15106
2603.15144
2603.15151
2603.15166
2603.15188
2603.15200
2603.15212
2603.15227
2603.15261
2603.15279
2603.15295
2603.15335
2603.15352
2603.15374
2603.15413
2603.15421
2603.15481
2603.15525
2603.15578
2603.15582
2603.15597
2603.15708
2603.15724
2603.15725
2603.15774
2603.15802
2603.15807
2603.15903
2603.15919
2603.15922
2603.15969
2603.15988
2603.16001
2603.16016
2603.16044
2603.16045
2603.16093
2603.16105
2603.16116
2603.16122
2603.16134
2603.16137
2603.16184
2603.16219
2603.16243
2603.16258
2603.16261
2603.16280
2603.16292
2603.16309
2603.16392
2603.16397
2603.16406
2603.16410
2603.16411
2603.16430
2603.16435
2603.16439
2603.16440
2603.16444
2603.16451
2603.16483
2603.16489
2603.16500
2603.16526
2603.16566
2603.16590
2603.16606
2603.16609
2603.16641
2603.16660
2603.16662
2603.16682
2603.16699
2603.16731
2603.16869
2603.16897
2603.16959
2603.16972
2603.16985
2603.16987
2603.17024
2603.17041
2603.17048
2603.17052
2603.17079
2603.17087
2603.17091
2603.17102
2603.17205
2603.17230
2603.17231
2603.17253
2603.17275
2603.17303
2603.17354
2603.17384
2603.17398
2603.17413
2603.17433
2603.17435
2603.17512
2603.17514
2603.17558
2603.17576
2603.17605
2603.17668
2603.17705
2603.17717
2603.17782
2603.17809
2603.17891
2603.17912
2603.17928
2603.17942
2603.17945
2603.17952
2603.17962
2603.17979
2603.18003
2603.18004
2603.18076
2603.18090
2603.18095
2603.18201
2603.18202
2603.18239
2603.18261
2603.18305
2603.18345
2603.18348
2603.18361
2603.18393
2603.18423
2603.18426
2603.18427
2603.18492
2603.18505
2603.18532
2603.18534
2603.18557
2603.18660
2603.18739
2603.18742
2603.18793
2603.18817
2603.18863
2603.18879
2603.18891
2603.18896
2603.18992
2603.19007
2603.19025
2603.19100
2603.19122
2603.19133
2603.19168
2603.19172
2603.19185
2603.19220
2603.19223
2603.19260
2603.19294
2603.19350
2603.19360
2603.19427
2603.19496
2603.19503
2603.19559
2603.19563
2603.19609
2603.19635
2603.19636
2603.19687
2603.19715
2603.19736
2603.19741
2603.19759
2603.19771
2603.19794
2603.19798
2603.19831
2603.19857
2603.19873
2603.19921
2603.19939
2603.19949
2603.20042
2603.20100
2603.20109
2603.20111
2603.20112
2603.20165
2603.20174
2603.20184
2603.20191
2603.20194
2603.20240
2603.20255
2603.20431
2603.20466
2603.20480
2603.20492
2603.20533
2603.20538
2603.20582
2603.20679
2603.20684
2603.20686
2603.20731
2603.20743
2603.20789
2603.20798
2603.20806
2603.20811
2603.20843
2603.20854
2603.20984
2603.20991
2603.21010
2603.21036
2603.21078
2603.21100
2603.21105
2603.21107
2603.21111
2603.21138
2603.21213
2603.21224
2603.21232
2603.21233
2603.21236
2603.21244
2603.21248
2603.21315
2603.21357
2603.21389
2603.21418
2603.21426
2603.21440
2603.21504
2603.21529
2603.21565
2603.21571
2603.21583
2603.21586
2603.21608
2603.21682
2603.21701
2603.21725
2603.21807
2603.21808
2603.21819
2603.21879
2603.21900
2603.21906
2603.21928
2603.21933
2603.21940
2603.21942
2603.21970
2603.22002
2603.22016
2603.22027
2603.22056
2603.22160
2603.22186
2603.22198
2603.22213
2603.22216
2603.22217
2603.22225
2603.22252
2603.22270
2603.22364
2603.22434
2603.22465
2603.22497
2603.22514
2603.22539
2603.22564
2603.22590
2603.22709
2603.22715
2603.22765
2603.22792
2603.22866
2603.22867
2603.22885
2603.22911
2603.22942
2603.22943
2603.22965
2603.22983
2603.22991
2603.23041
2603.23047
2603.23048
2603.23075
2603.23106
2603.23129
2603.23140
2603.23162
2603.23172
2603.23200
2603.23246
2603.23299
2603.23390
2603.23408
2603.23411
2603.23513
2603.23529
2603.23562
2603.23575
2603.23625
2603.23641
2603.23654
2603.23668
2603.23719
2603.23730
2603.23822
2603.23845
2603.23875
2603.23882
2603.23896
2603.23914
2603.23949
2603.23954
2603.23956
2603.23985
2603.23993
2603.24006
2603.24012
2603.24034
2603.24078
2603.24116
2603.24119
2603.24132
2603.24143
2603.24201
2603.24208
2603.24283
2603.24298
2603.24307
2603.24326
2603.24361
2603.24373
2603.24389
2603.24428
2603.24430
2603.24505
2603.24518
2603.24549
2603.24569
2603.24581
2603.24583
2603.24589
2603.24638
2603.24652
2603.24680
2603.24691
2603.24695
2603.24699
2603.24701
2603.24709
2603.24744
2603.24761
2603.24764
2603.24799
2603.24800
2603.24822
2603.24826
2603.24840
2603.24875
2603.24891
2603.24933
2603.24934
2603.24955
2603.24982
2603.25016
2603.25017
2603.25022
2603.25035
2603.25038
2603.25062
2603.25109
2603.25118
2603.25150
2603.25178
2603.25183
2603.25184
2603.25186
2603.25222
2603.25284
2603.25292
2603.25296
2603.25325
2603.25360
2603.25383
2603.25460
2603.25489
2603.25507
2603.25526
2603.25535
2603.25548
2603.25551
2603.25668
2603.25725
2603.25727
2603.25750
2603.25766
2603.25823
2603.25841
2603.25867
2603.25926
2603.25985
2603.26008
2603.26013
2603.26016
2603.26028
2603.26041
2603.26088
2603.26110
2603.26113
2603.26134
2603.26138
2603.26145
2603.26206
2603.26219
2603.26245
2603.26246
2603.26248
2603.26249
2603.26250
2603.26258
2603.26269
2603.26330
2603.26336
2603.26349
2603.26356
2603.26363
2603.26364
2603.26378
2603.26396
2603.26482
2603.26515
2603.26528
2603.26556
2603.26595
2603.26742
2603.26794
2603.26827
2603.26834
2603.26856
2603.26891
2603.26913
2603.26983
2603.27016
2603.27036
2603.27186
2603.27205
2603.27223
2603.27254
2603.27269
2603.27281
2603.27295
2603.27314
2603.27383
2603.27441
2603.27448
2603.27462
2603.27467
2603.27469
2603.27508
2603.27513
2603.27562
2603.27637
2603.27650
2603.27651
2603.27661
2603.27665
2603.27678
2603.27685
2603.27690
2603.27707
2603.27737
2603.27771
2603.27800
2603.27819
2603.27852
2603.27870
2603.27900
2603.27914
2603.27938
2603.27950
2603.27965
2603.27981
2603.27996
2603.28027
2603.28053
2603.28095
2603.28096
2603.28122
2603.28135
2603.28181
2603.28233
2603.28243
2603.28246
2603.28297
2603.28324
2603.28338
2603.28405
2603.28413
2603.28430
2603.28431
2603.28436
2603.28458
2603.28534
2603.28561
2603.28572
2603.28579
2603.28622
2603.28643
2603.28713
2603.28737
2603.28755
2603.28845
2603.28972
2603.28989
2603.28994
2603.29001
2603.29022
2603.29026
2603.29036
2603.29078
2603.29126
2603.29133
2603.29162
2603.29217
2603.29232
2603.29273
2603.29297
2603.29311
2603.29339
2603.29345
2603.29346
2603.29356
2603.29369
2603.29437
2603.29497
2603.29517
2603.29535
2603.29541
2603.29552
2603.29654
2603.29656
2603.29688
2603.29733
2603.29756
2603.29768
2603.29788
2603.29791
2603.29813
2603.29824
2603.29892
2603.29937
2603.29974
2604.00015
2604.00027
2604.00037
2604.00093
2604.00104
2604.00243
2604.00292
2604.00293
2604.00298
2604.00360
2604.00383
2604.00489
2604.00510
2604.00529
2604.00532
2604.00533
2604.00536
2604.00586
2604.00609
2604.00610
2604.00611
2604.00613
2604.00626
2604.00688
2604.00706
2604.00733
2604.00755
2604.00757
2604.00758
2604.00773
2604.00804
2604.00827
2604.00829
2604.00886
2604.00982
2604.01010
2604.01016
2604.01017
2604.01025
2604.01042
2604.01043
2604.01076
2604.01118
2604.01141
2604.01167
2604.01169
2604.01206
2604.01220
2604.01247
2604.01295
2604.01307
2604.01310
2604.01353
2604.01430
2604.01459
2604.01481
2604.01634
2604.01652
2604.01653
2604.01694
2604.01705
2604.01725
2604.01760
2604.01762
2604.01766
2604.01821
2604.01860
2604.01881
2604.01884
2604.01897
2604.01903
2604.01941
2604.01960
2604.01965
2604.01995
2604.02007
2604.02009
2604.02061
2604.02090
2604.02109
2604.02119
2604.02123
2604.02128
2604.02156
2604.02176
2604.02183
2604.02203
2604.02209
2604.02228
2604.02268
2604.02281
2604.02292
2604.02374
2604.02415
2604.02438
2604.02479
2604.02501
2604.02509
2604.02525
2604.02556
2604.02570
2604.02596
2604.02621
2604.02630
2604.02659
2604.02689
2604.02754
2604.02772
2604.02816
2604.02819
2604.02836
2604.02867
2604.02868
2604.02881
2604.02946
2604.02948
2604.02956
2604.03039
2604.03044
2604.03057
2604.03064
2604.03072
2604.03074
2604.03110
2604.03132
2604.03157
2604.03172
2604.03178
2604.03192
2604.03198
2604.03224
2604.03225
2604.03279
2604.03341
2604.03376
2604.03380
2604.03388
2604.03392
2604.03400
2604.03409
2604.03420
2604.03476
2604.03589
2604.03592
2604.03635
2604.03642
2604.03654
2604.03687
2604.03710
2604.03759
2604.03803
2604.03841
2604.03850
2604.03873
2604.03899
2604.03957
2604.03980
2604.04013
2604.04030
2604.04037
2604.04064
2604.04117
2604.04120
2604.04128
2604.04129
2604.04155
2604.04168
2604.04195
2604.04215
2604.04243
2604.04270
2604.04290
2604.04297
2604.04316
2604.04342
2604.04348
2604.04356
2604.04402
2604.04444
2604.04445
2604.04453
2604.04461
2604.04483
2604.04484
2604.04488
2604.04493
2604.04514
2604.04517
2604.04523
2604.04556
2604.04567
2604.04571
2604.04598
2604.04603
2604.04608
2604.04630
2604.04634
2604.04651
2604.04681
2604.04701
2604.04708
2604.04722
2604.04734
2604.04800
2604.04828
2604.04839
2604.04841
2604.04847
2604.04913
2604.04933
2604.04997
2604.05034
2604.05072
2604.05137
2604.05183
2604.05210
2604.05248
2604.05309
2604.05324
2604.05329
2604.05366
2604.05387
2604.05424
2604.05426
2604.05476
2604.05500
2604.05502
2604.05524
2604.05562
2604.05584
2604.05601
2604.05605
2604.05616
2604.05624
2604.05629
2604.05634
2604.05643
2604.05656
2604.05669
2604.05684
2604.05758
2604.05767
2604.05792
2604.05807
2604.05821
2604.05830
2604.05839
2604.05856
2604.05875
2604.05887
2604.05929
2604.05934
2604.05993
2604.06010
2604.06034
2604.06036
2604.06075
2604.06086
2604.06138
2604.06202
2604.06220
2604.06253
2604.06291
2604.06297
2604.06327
2604.06346
2604.06348
2604.06356
2604.06365
2604.06402
2604.06413
2604.06421
2604.06440
2604.06456
2604.06487
2604.06489
2604.06507
2604.06515
2604.06552
2604.06562
2604.06568
2604.06589
2604.06614
2604.06622
2604.06623
2604.06627
2604.06631
2604.06650
2604.06655
2604.06658
2604.06676
2604.06691
2604.06694
2604.06732
2604.06746
2604.06789
2604.06796
2604.06798
2604.06804
2604.06805
2604.06812
2604.06832
2604.06833
2604.06836
2604.06841
2604.06860
2604.06866
2604.06893
2604.06898
2604.06902
2604.06916
2604.06946
2604.06950
2604.07000
2604.07013
2604.07067
2604.07105
2604.07147
2604.07150
2604.07159
2604.07248
2604.07306
2604.07316
2604.07320
2604.07354
2604.07399
2604.07404
2604.07417
2604.07430
2604.07486
2604.07499
2604.07569
2604.07575
2604.07656
2604.07663
2604.07674
2604.07786
2604.07796
2604.07798
2604.07808
2604.07812
2604.07853
2604.07867
2604.07884
2604.07888
2604.07922
2604.07940
2604.07944
2604.07953
2604.07955
2604.08003
2604.08021
2604.08028
2604.08070
2604.08115
2604.08118
2604.08121
2604.08150
2604.08168
2604.08184
2604.08201
2604.08222
2604.08266
2604.08274
2604.08289
2604.08329
2604.08363
2604.08368
2604.08381
2604.08384
2604.08404
2604.08412
2604.08423
2604.08469
2604.08474
2604.08519
2604.08522
2604.08558
2604.08562
2604.08568
2604.08627
2604.08694
2604.08709
2604.08711
2604.08786
2604.08828
2604.08847
2604.08851
2604.08881
2604.08902
2604.08910
2604.08966
2604.08971
2604.08995
2604.09000
2604.09022
2604.09023
2604.09067
2604.09076
2604.09088
2604.09091
2604.09094
2604.09111
2604.09121
2604.09130
2604.09145
2604.09168
2604.09220
2604.09244
2604.09289
2604.09304
2604.09330
2604.09332
2604.09377
2604.09407
2604.09411
2604.09442
2604.09445
2604.09512
2604.09531
2604.09532
2604.09544
2604.09547
2604.09625
2604.09697
2604.09769
2604.09812
2604.09813
2604.09890
2604.09927
2604.09999
2604.10021
2604.10040
2604.10086
2604.10091
2604.10095
2604.10102
2604.10103
2604.10114
2604.10117
2604.10123
2604.10152
2604.10161
2604.10167
2604.10169
2604.10170
2604.10171
2604.10187
2604.10218
2604.10223
2604.10306
2604.10370
2604.10393
2604.10413
2604.10451
2604.10496
2604.10503
2604.10546
2604.10551
2604.10580
2604.10590
2604.10603
2604.10615
2604.10650
2604.10678
2604.10708
2604.10721
2604.10736
2604.10780
2604.10787
2604.10794
2604.10862
2604.10887
2604.10929
2604.11010
2604.11014
2604.11050
2604.11071
2604.11080
2604.11083
2604.11096
2604.11107
2604.11110
2604.11112
2604.11118
2604.11122
2604.11142
2604.11146
2604.11176
2604.11188
2604.11192
2604.11240
2604.11256
2604.11269
2604.11290
2604.11332
2604.11338
2604.11386
2604.11424
2604.11440
2604.11462
2604.11471
2604.11501
2604.11506
2604.11512
2604.11530
2604.11540
2604.11547
2604.11552
2604.11572
2604.11578
2604.11599
2604.11628
2604.11636
2604.11680
2604.11685
2604.11786
2604.11803
2604.11807
2604.11809
2604.11867
2604.11903
2604.11947
2604.11970
2604.12028
2604.12035
2604.12168
2604.12229
2604.12234
2604.12288
2604.12322
2604.12327
2604.12335
2604.12346
2604.12358
2604.12374
2604.12378
2604.12380
2604.12398
2604.12438
2604.12443
2604.12456
2604.12502
2604.12540
2604.12574
2604.12607
2604.12610
2604.12627
2604.12634
2604.12668
2604.12686
2604.12688
2604.12744
2604.12767
2604.12780
2604.12782
2604.12803
2604.12812
2604.12843
2604.12855
2604.12891
2604.12932
2604.12965
2604.12967
2604.13229
2604.13278
2604.13286
2604.13287
2604.13288
2604.13328
2604.13368
2604.13392
2604.13440
2604.13468
2604.13471
2604.13488
2604.13520
2604.13543
2604.13560
2604.13565
2604.13586
2604.13686
2604.13710
2604.13806
2604.13917
2604.13933
2604.13947
2604.13963
2604.13977
2604.14001
2604.14082
2604.14084
2604.14090
2604.14127
2604.14241
2604.14259
2604.14270
2604.14306
2604.14314
2604.14336
2604.14360
2604.14365
2604.14397
2604.14487
2604.14493
2604.14534
2604.14540
2604.14563
2604.14587
2604.14606
2604.14629
2604.14640
2604.14710
2604.14720
2604.14726
2604.14766
2604.14768
2604.14769
2604.14789
2604.14800
2604.14820
2604.14849
2604.14886
2604.14933
2604.14934
2604.14969
2604.14987
2604.15014
2604.15016
2604.15086
2604.15143
2604.15165
2604.15167
2604.15188
2604.15196
2604.15217
2604.15262
2604.15272
2604.15281
2604.15372
2604.15408
2604.15439
2604.15451
2604.15490
2604.15499
2604.15589
2604.15610
2604.15628
2604.15666
2604.15675
2604.15703
2604.15780
2604.15794
2604.15804
2604.15805
2604.15822
2604.15828
2604.15857
2604.15911
2604.15923
2604.15936
2604.15941
2604.15961
2604.16004
2604.16029
2604.16056
2604.16111
2604.16121
2604.16164
2604.16182
2604.16211
2604.16225
2604.16235
2604.16271
2604.16299
2604.16535
2604.16558
2604.16639
2604.16700
2604.16804
2604.16817
2604.16843
2604.16851
2604.16879
2604.16917
2604.16940
2604.16943
2604.16944
2604.16957
2604.16964
2604.16983
2604.17007
2604.17008
2604.17016
2604.17041
2604.17051
2604.17118
2604.17134
2604.17194
2604.17210
2604.17217
2604.17248
2604.17250
2604.17277
2604.17286
2604.17297
2604.17310
2604.17320
2604.17371
2604.17384
2604.17393
2604.17396
2604.17398
2604.17400
2604.17451
2604.17464
2604.17535
2604.17633
2604.17642
2604.17647
2604.17670
2604.17674
2604.17695
2604.17720
2604.17736
2604.17751
2604.17753
2604.17770
2604.17789
2604.17794
2604.17827
2604.17856
2604.17930
2604.17958
2604.17961
2604.18041
2604.18047
2604.18067
2604.18075
2604.18076
2604.18087
2604.18092
2604.18095
2604.18103
2604.18105
2604.18107
2604.18117
2604.18124
2604.18134
2604.18135
2604.18137
2604.18152
2604.18159
2604.18162
2604.18176
2604.18204
2604.18226
2604.18249
2604.18260
2604.18271
2604.18274
2604.18284
2604.18302
2604.18335
2604.18347
2604.18351
2604.18352
2604.18381
2604.18414
2604.18452
2604.18490
2604.18529
2604.18537
2604.18556
2604.18573
2604.18655
2604.18665
2604.18691
2604.18758
2604.18811
2604.18853
2604.18963
2604.19015
2604.19039
2604.19048
2604.19055
2604.19079
2604.19087
2604.19116
2604.19144
2604.19145
2604.19151
2604.19157
2604.19167
2604.19185
2604.19196
2604.19209
2604.19254
2604.19257
2604.19269
2604.19293
2604.19299
2604.19321
2604.19324
2604.19330
2604.19342
2604.19392
2604.19398
2604.19405
2604.19453
2604.19508
2604.19510
2604.19520
2604.19530
2604.19565
2604.19570
2604.19621
2604.19632
2604.19653
2604.19678
2604.19736
2604.19778
2604.19801
2604.19820
2604.19823
2604.19835
2604.19848
2604.19858
2604.19877
2604.19884
2604.19904
2604.19907
2604.19928
2604.19941
2604.19982
2604.19999
2604.20019
2604.20046
2604.20079
2604.20090
2604.20148
2604.20168
2604.20199
2604.20213
2604.20214
2604.20225
2604.20244
2604.20266
2604.20267
2604.20274
2604.20278
2604.20291
2604.20293
2604.20329
2604.20333
2604.20334
2604.20347
2604.20401
2604.20447
2604.20500
2604.20531
2604.20535
2604.20549
2604.20666
2604.20682
2604.20707
2604.20720
2604.20821
2604.20841
2604.20842
2604.20913
2604.20937
2604.20959
2604.21004
2604.21009
2604.21017
2604.21031
2604.21036
2604.21102
2604.21127
2604.21137
2604.21148
2604.21153
2604.21154
2604.21164
2604.21197
2604.21198
2604.21220
2604.21254
2604.21264
2604.21265
2604.21276
2604.21280
2604.21288
2604.21291
2604.21311
2604.21370
2604.21414
2604.21420
2604.21450
2604.21481
2604.21502
2604.21536
2604.21585
2604.21590
2604.21597
2604.21602
2604.21638
2604.21645
2604.21649
2604.21706
2604.21724
2604.21741
2604.21743
2604.21794
2604.21853
2604.21901
2604.21905
2604.21928
2604.21952
2604.21984
2604.22133
2604.22160
2604.22203
2604.22209
2604.22221
2604.22224
2604.22225
2604.22281
2604.22293
2604.22338
2604.22380
2604.22466
2604.22520
2604.22552
2604.22575
2604.22577
2604.22588
2604.22595
2604.22631
2604.22680
2604.22700
2604.22712
2604.22723
2604.22724
2604.22730
2604.22817
2604.22847
2604.22850
2604.22964
2604.22989
2604.22993
2604.23094
2604.23105
2604.23106
2604.23108
2604.23166
2604.23172
2604.23263
2604.23268
2604.23284
2604.23308
2604.23327
2604.23336
2604.23344
2604.23350
2604.23375
2604.23380
2604.23385
2604.23388
2604.23396
2604.23424
2604.23426
2604.23490
2604.23522
2604.23577
2604.23589
2604.23623
2604.23658
2604.23665
2604.23703
2604.23711
2604.23809
2604.23844
2604.23853
2604.23857
2604.23858
2604.23888
2604.23899
2604.23908
2604.23909
2604.23935
2604.23950
2604.23964
2604.23977
2604.23993
2604.24000
2604.24003
2604.24006
2604.24008
2604.24022
2604.24088
2604.24092
2604.24103
2604.24114
2604.24126
2604.24149
2604.24169
2604.24171
2604.24197
2604.24278
2604.24361
2604.24380
2604.24428
2604.24506
2604.24538
2604.24559
2604.24636
2604.24647
2604.24678
2604.24679
2604.24703
2604.24809
2604.24820
2604.24833
2604.24862
2604.24876
2604.24929
2604.24938
2604.24940
2604.24959
2604.24971
2604.24996
2604.25008
2604.25009
2604.25098
2604.25110
2604.25117
2604.25119
2604.25154
2604.25182
2604.25289
2604.25306
2604.25330
2604.25334
2604.25367
2604.25409
2604.25421
2604.25441
2604.25476
2604.25530
2604.25570
2604.25578
2604.25611
2604.25688
2604.25700
2604.25702
2604.25716
2604.25740
2604.25794
2604.25795
2604.25799
2604.26170
2604.26217
2604.26232
2604.26255
2604.26283
2604.26292
2604.26327
2604.26340
2604.26347
2604.26361
2604.26417
2604.26427
2604.26435
2604.26437
2604.26456
2604.26461
2604.26483
2604.26492
2604.26500
2604.26501
2604.26505
2604.26509
2604.26514
2604.26568
2604.26587
2604.26619
2604.26766
2604.26770
2604.26799
2604.26857
2604.26940
2604.26943
2604.27014
2604.27032
2604.27115
2604.27128
2604.27137
2604.27158
2604.27178
2604.27182
2604.27198
2604.27206
2604.27217
2604.27232
2604.27261
2604.27308
2604.27315
2604.27324
2604.27396
2604.27408
2604.27436
2604.27447
2604.27453
2604.27456
2604.27517
2604.27533
2604.27542
2604.27543
2604.27607
2604.27629
2604.27636
2604.27661
2604.27709
2604.27764
2604.27777
2604.27792
2604.27796
2604.27803
2604.27866
2604.27870
2604.27903
2604.27920
2604.27945
2604.28075
2604.28084
2604.28109
2604.28114
2604.28142
2604.28169
2604.28185
2605.00051
2605.00107
2605.00119
2605.00140
2605.00199
2605.00206
2605.00257
2605.00292
2605.00296
2605.00320
2605.00329
2605.00360
2605.00373
2605.00392
2605.00412
2605.00421
2605.00422
2605.00435
2605.00448
2605.00473
2605.00495
2605.00510
2605.00519
2605.00539
2605.00605
2605.00618
2605.00646
2605.00649
2605.00681
2605.00689
2605.00721
2605.00754
2605.00777
2605.00849
2605.00861
2605.00869
2605.01081
2605.01135
2605.01205
2605.01224
2605.01229
2605.01304
2605.01320
2605.01330
2605.01355
2605.01374
2605.01429
2605.01451
2605.01478
2605.01515
2605.01546
2605.01563
2605.01627
2605.01673
2605.01676
2605.01732
2605.01736
2605.01742
2605.01765
2605.01866
2605.01869
2605.01870
2605.01884
2605.01888
2605.01910
2605.01931
2605.01957
2605.01959
2605.02035
2605.02069
2605.02086
2605.02171
2605.02196
2605.02198
2605.02207
2605.02218
2605.02222
2605.02223
2605.02262
2605.02266
2605.02275
2605.02363
2605.02390
2605.02395
2605.02402
2605.02404
2605.02444
2605.02489
2605.02496
2605.02509
2605.02557
2605.02695
2605.02712
2605.02715
2605.02757
2605.02767
2605.02782
2605.02829
2605.02860
2605.02928
2605.02971
2605.03096
2605.03098
2605.03152
2605.03153
2605.03217
2605.03221
2605.03279
2605.03283
2605.03297
2605.03299
2605.03301
2605.03312
2605.03339
2605.03358
2605.03359
2605.03434
2605.03438
2605.03465
2605.03547
2605.03550
2605.03555
2605.03562
2605.03573
2605.03578
2605.03590
2605.03602
2605.03603
2605.03615
2605.03620
2605.03623
2605.03625
2605.03637
2605.03667
2605.03671
2605.03680
2605.03696
2605.03742
2605.03761
2605.03836
2605.03848
2605.03855
2605.03937
2605.03984
2605.04045
2605.04055
2605.04196
2605.04201
2605.04208
2605.04221
2605.04239
2605.04260
2605.04282
2605.04341
2605.04405
2605.04428
2605.04440
2605.04447
2605.04458
2605.04461
2605.04489
2605.04500
2605.04518
2605.04538
2605.04572
2605.04576
2605.04604
2605.04613
2605.04653
2605.04738
2605.04751
2605.04911
2605.04941
2605.04948
2605.04970
2605.04989
2605.05012
2605.05044
2605.05143
2605.05159
2605.05246
2605.05278
2605.05311
2605.05337
2605.05428
2605.05435
2605.05442
2605.05489
2605.05522
2605.05530
2605.05532
2605.05540
2605.05553
2605.05561
2605.05611
2605.05639
2605.05659
2605.05689
2605.05693
2605.05697
2605.05699
2605.05703
2605.05770
2605.05797
2605.05819
2605.05899
2605.05929
2605.05931
2605.05940
2605.05949
2605.05975
2605.05978
2605.05979
2605.06014
2605.06043
2605.06047
2605.06051
2605.06052
2605.06117
2605.06124
2605.06127
2605.06140
2605.06173
2605.06175
2605.06183
2605.06189
2605.06207
2605.06231
2605.06236
2605.06247
2605.06270
2605.06272
2605.06273
2605.06278
2605.06289
2605.06315
2605.06322
2605.06330
2605.06366
2605.06402
2605.06407
2605.06413
2605.06441
2605.06505
2605.06519
2605.06546
2605.06578
2605.06637
2605.06745
2605.06797
2605.06815
2605.06829
2605.06905
2605.06931
2605.07029
2605.07084
2605.07102
2605.07128
2605.07141
2605.07155
2605.07182
2605.07201
2605.07249
2605.07253
2605.07256
2605.07269
2605.07302
2605.07317
2605.07319
2605.07321
2605.07354
2605.07420
2605.07453
2605.07481
2605.07505
2605.07509
2605.07533
2605.07550
2605.07562
2605.07625
2605.07693
2605.07706
2605.07720
2605.07721
2605.07724
2605.07725
2605.07726
2605.07764
2605.07783
2605.07792
2605.07804
2605.07839
2605.07850
2605.07860
2605.07863
2605.07955
2605.08029
2605.08083
2605.08161
2605.08163
2605.08214
2605.08272
2605.08354
2605.08480
2605.08628
2605.08760
2605.08777
2605.08794
2605.08854
2605.08858
2605.08960
2605.08961
2605.08976
2605.09007
2605.09079
2605.09098
2605.09147
2605.09167
2605.09233
2605.09262
2605.09281
2605.09283
2605.09308
2605.09329
2605.09345
2605.09375
2605.09384
2605.09386
2605.09407
2605.09424
2605.09425
2605.09429
2605.09439
2605.09503
2605.09518
2605.09549
2605.09554
2605.09572
2605.09634
2605.09639
2605.09656
2605.09667
2605.09681
2605.09699
2605.09719
2605.09746
2605.09771
2605.09781
2605.09833
2605.09855
2605.09867
2605.09895
2605.09899
2605.09924
2605.09931
2605.09935
2605.09949
2605.09981
2605.09982
2605.09986
2605.10008
2605.10009
2605.10019
2605.10027
2605.10050
2605.10084
2605.10171
2605.10210
2605.10247
2605.10258
2605.10269
2605.10290
2605.10335
2605.10345
2605.10356
2605.10401
2605.10539
2605.10560
2605.10615
2605.10627
2605.10629
2605.10641
2605.10642
2605.10647
2605.10655
2605.10661
2605.10673
2605.10679
2605.10695
2605.10710
2605.10714
2605.10772
2605.10777
2605.10793
2605.10806
2605.10835
2605.10845
2605.10855
2605.10875
2605.10889
2605.10914
2605.11061
2605.11115
2605.11134
2605.11222
2605.11238
2605.11260
2605.11276
2605.11284
2605.11290
2605.11312
2605.11317
2605.11347
2605.11354
2605.11365
2605.11367
2605.11394
2605.11396
2605.11414
2605.11422
2605.11433
2605.11447
2605.11468
2605.11475
2605.11478
2605.11483
2605.11508
2605.11513
2605.11515
2605.11582
2605.11585
2605.11622
2605.11626
2605.11632
2605.11696
2605.11733
2605.11735
2605.11739
2605.11743
2605.11755
2605.11771
2605.11803
2605.11817
2605.11841
2605.11857
2605.11866
2605.11872
2605.11875
2605.11898
2605.12019
2605.12026
2605.12036
2605.12046
2605.12110
2605.12129
2605.12138
2605.12144
2605.12164
2605.12174
2605.12225
2605.12227
2605.12242
2605.12245
2605.12308
2605.12345
2605.12389
2605.12395
2605.12396
2605.12501
2605.12610
2605.12620
2605.12762
2605.12778
2605.12789
2605.12825
2605.12904
2605.12933
2605.12960
2605.12967
2605.13087
2605.13108
2605.13135
2605.13143
2605.13150
2605.13151
2605.13162
2605.13165
2605.13175
2605.13178
2605.13229
2605.13248
2605.13265
2605.13268
2605.13278
2605.13292
2605.13316
2605.13360
2605.13368
2605.13369
2605.13373
2605.13375
2605.13396
2605.13401
2605.13411
2605.13415
2605.13462
2605.13491
2605.13517
2605.13521
2605.13538
2605.13544
2605.13596
2605.13686
2605.13688
2605.13724
2605.13810
2605.13815
2605.13846
2605.13896
2605.13936
2605.13981
2605.13997
2605.13998
2605.14037
2605.14055
2605.14062
2605.14069
2605.14075
2605.14090
2605.14110
2605.14117
2605.14148
2605.14191
2605.14217
2605.14240
2605.14251
2605.14252
2605.14310
2605.14311
2605.14333
2605.14340
2605.14346
2605.14359
2605.14366
2605.14373
2605.14381
2605.14391
2605.14426
2605.14427
2605.14434
2605.14450
2605.14512
2605.14555
2605.14631
2605.14679
2605.14686
2605.14708
2605.14731
2605.14738
2605.14752
2605.14759
2605.14765
2605.14766
2605.14799
2605.14839
2605.14841
2605.14844
2605.14867
2605.14877
2605.14886
2605.14896
2605.14897
2605.14926
2605.14929
2605.14948
2605.14950
2605.14953
2605.15022
2605.15050
2605.15053
2605.15081
2605.15138
2605.15152
2605.15178
2605.15246
2605.15284
2605.15299
2605.15306
2605.15309
2605.15315
2605.15324
2605.15354
2605.15417
2605.15456
2605.15507
2605.15508
2605.15542
2605.15551
2605.15557
2605.15561
2605.15572
2605.15584
2605.15621
2605.15626
2605.15635
2605.15684
2605.15720
2605.15736
2605.15763
2605.15794
2605.15822
2605.15828
2605.15890
2605.15916
2605.15923
2605.15976
2605.15980
2605.15998
2605.16007
2605.16026
2605.16044
2605.16077
2605.16086
2605.16097
2605.16127
2605.16138
2605.16147
2605.16195
2605.16203
2605.16234
2605.16241
2605.16364
2605.16409
2605.16410
2605.16427
2605.16469
2605.16545
2605.16681
2605.16764
2605.16787
2605.16879
2605.16881
2605.16896
2605.16964
2605.16993
2605.17041
2605.17087
2605.17093
2605.17123
2605.17127
2605.17160
2605.17170
2605.17173
2605.17234
2605.17238
2605.17276
2605.17286
2605.17289
2605.17311
2605.17379
2605.17432
2605.17443
2605.17447
2605.17471
2605.17488
2605.17511
2605.17524
2605.17546
2605.17552
2605.17583
2605.17605
2605.17613
2605.17682
2605.17684
2605.17710
2605.17745
2605.17757
2605.17758
2605.17774
2605.17804
2605.17831
2605.17837
2605.17839
2605.17849
2605.17850
2605.17860
2605.17866
2605.17900
2605.17907
2605.17985
2605.17997
2605.18001
2605.18006
2605.18013
2605.18132
2605.18141
2605.18172
2605.18188
2605.18222
2605.18298
2605.18331
2605.18350
2605.18354
2605.18378
2605.18464
2605.18483
2605.18504
2605.18548
2605.18632
2605.18643
2605.18662
2605.18700
2605.18702
2605.18733
2605.18739
2605.18745
2605.18749
2605.18816
2605.18931
2605.19050
2605.19066
2605.19069
2605.19266
2605.19274
2605.19289
2605.19371
2605.19376
2605.19377
2605.19391
2605.19394
2605.19457
2605.19621
2605.19688
2605.19700
2605.19711
2605.19712
2605.19723
2605.19729
2605.19738
2605.19784
2605.19827
2605.19833
2605.19855
2605.19861
2605.19889
2605.19929
2605.19972
2605.20036
2605.20074
2605.20105
2605.20151
2605.20170
2605.20267
2605.20279
2605.20315
2605.20316
2605.20331
2605.20357
2605.20402
2605.20447
2605.20539
2605.20551
2605.20588
2605.20613
2605.20626
2605.20649
2605.20669
2605.20670
2605.20706
2605.20712
2605.20717
2605.20723
2605.20751
2605.20787
2605.20802
2605.20820
2605.20830
2605.20868
2605.20912
2605.20920
2605.20922
2605.20940
2605.20946
2605.21007
2605.21049
2605.21060
2605.21123
2605.21147
2605.21171
2605.21177
2605.21178
2605.21217
2605.21239
2605.21241
2605.21322
2605.21341
2605.21388
2605.21402
2605.21411
2605.21426
2605.21449
2605.21528
2605.21558
2605.21573
2605.21630
2605.21669
2605.21692
2605.21699
2605.21766
2605.21812
2605.21854
2605.21907
2605.21924
2605.21964
2605.21972
2605.21981
2605.22015
2605.22060
2605.22061
2605.22064
2605.22083
2605.22098
2605.22120
2605.22137
2605.22138
2605.22153
2605.22158
2605.22170
2605.22215
2605.22235
2605.22337
2605.22338
2605.22350
2605.22351
2605.22359
2605.22361
2605.22372
2605.22374
2605.22377
2605.22478
2605.22484
2605.22487
2605.22496
2605.22501
2605.22504
2605.22507
2605.22531
2605.22556
2605.22660
2605.22691
2605.22718
2605.22743
2605.22746
2605.22977
2605.22980
2605.23019
2605.23036
2605.23052
2605.23057
2605.23065
2605.23078
2605.23198
2605.23226
2605.23235
2605.23254
2605.23280
2605.23294
2605.23300
2605.23312
2605.23323
2605.23355
2605.23366
2605.23377
2605.23440
2605.23448
2605.23451
2605.23453
2605.23477
2605.23491
2605.23555
2605.23572
2605.23656
2605.23688
2605.23733
2605.23783
2605.23850
2605.23857
2605.23859
2605.23861
2605.23885
2605.23888
2605.23969
2605.23975
2605.24218
2605.24290
2605.24310
2605.24405
2605.24451
2605.24508
2605.24530
2605.24549
2605.24556
2605.24584
2605.24592
2605.24618
2605.24652
2605.24655
2605.24675
2605.24679
2605.24681
2605.24718
2605.24754
2605.24770
2605.24792
2605.24799
2605.24805
2605.24807
2605.24830
2605.24834
2605.24842
2605.24843
2605.24844
2605.24904
2605.24906
2605.24919
2605.24920
2605.24991
2605.25009
2605.25035
2605.25054
2605.25123
2605.25143
2605.25165
2605.25171
2605.25177
2605.25195
2605.25203
2605.25212
2605.25344
2605.25348
2605.25356
2605.25358
2605.25360
2605.25394
2605.25404
2605.25463
2605.25469
2605.25479
2605.25495
2605.25504
2605.25508
2605.25521
2605.25538
2605.25563
2605.25565
2605.25572
2605.25626
2605.25669
2605.25676
2605.25686
2605.25708
2605.25759
2605.25835
2605.25842
2605.25858
2605.25860
2605.25880
2605.25893
2605.25930
2605.25949
2605.25952
2605.25962
2605.25986
2605.26002
2605.26007
2605.26070
2605.26089
2605.26092
2605.26104
2605.26136
2605.26189
2605.26246
2605.26266
2605.26292
2605.26293
2605.26330
2605.26339
2605.26386
2605.26415
2605.26421
2605.26433
2605.26496
2605.26552
2605.26558
2605.26568
2605.26574
2605.26575
2605.26628
2605.26632
2605.26638
2605.26660
2605.26672
2605.26683
2605.26718
2605.26741
2605.26747
2605.26759
2605.26812
2605.26823
2605.26857
2605.26884
2605.26891
2605.26892
2605.26941
2605.27003
2605.27030
2605.27047
2605.27050
2605.27062
2605.27129
2605.27142
2605.27159
2605.27190
2605.27258
2605.27310
2605.27336
2605.27346
2605.27358
2605.27487
2605.27499
2605.27523
2605.27616
2605.27636
2605.27642
2605.27646
2605.27679
2605.27709
2605.27737
2605.27740
2605.27767
2605.27772
2605.27786
2605.27808
2605.27835
2605.27874
2605.27892
2605.27893
2605.27967
2605.27998
2605.28034
2605.28042
2605.28051
2605.28064
2605.28067
2605.28068
2605.28069
2605.28115
2605.28139
2605.28149
2605.28198
2605.28207
2605.28211
2605.28218
2605.28225
2605.28227
2605.28253
2605.28264
2605.28267
2605.28312
2605.28315
2605.28318
2605.28438
2605.28451
2605.28456
2605.28494
2605.28544
2605.28557
2605.28563
2605.28573
2605.28618
2605.28625
2605.28642
2605.28664
2605.28686
2605.28690
2605.28691
2605.28715
2605.28716
2605.28803
2605.28805
2605.28819
2605.28919
2605.28920
2605.28995
2605.29075
2605.29093
2605.29128
2605.29161
2605.29172
2605.29247
2605.29257
2605.29267
2605.29280
2605.29295
2605.29299
2605.29317
2605.29327
2605.29350
2605.29378
2605.29396
2605.29397
2605.29408
2605.29414
2605.29430
2605.29434
2605.29459
2605.29471
2605.29476
2605.29525
2605.29535
2605.29538
2605.29539
2605.29547
2605.29564
2605.29575
2605.29580
2605.29590
2605.29613
2605.29637
2605.29639
2605.29642
2605.29652
2605.29657
2605.29662
2605.29705
2605.29708
2605.29712
2605.29713
2605.29714
2605.29716
2605.29726
2605.29741
2605.29755
2605.29756
2605.29765
2605.29795
2605.29801
2605.29843
2605.29845
2605.29852
2605.29862
2605.29897
2605.29911
2605.29920
2605.29935
2605.29940
2605.29948
2605.29975
2605.29977
2605.29992
2605.30006
2605.30014
2605.30038
2605.30039
2605.30073
2605.30102
2605.30111
2605.30133
2605.30149
2605.30179
2605.30202
2605.30339
2605.30344
2605.30366
2605.30443
2605.30472
2605.30487
2605.30506
2605.30552
2605.30631
2605.30748
2605.30788
2605.30804
2605.30807
2605.30808
2605.30898
2605.30940
2605.30965
2605.30993
2605.31001
2605.31039
2605.31126
2605.31136
2605.31171
2605.31173
2605.31215
2605.31220
2605.31329
2605.31369
2605.31393
2605.31401
2605.31440
2605.31449
2605.31452
2605.31469
2605.31489
2605.31530
2605.31564
2606.00066
2606.00180
2606.00342
2606.00366
2606.00392
2606.00425
2606.00460
2606.00507
2606.00531
2606.00596
2606.00618
2606.00684
2606.00712
2606.00751
2606.00902
2606.00933
2606.00967
2606.01016
2606.01032
2606.01074
2606.01084
2606.01121
2606.01135
2606.01160
2606.01166
2606.01216
2606.01240
2606.01249
2606.01252
2606.01276
2606.01292
2606.01293
2606.01339
2606.01362
2606.01379
2606.01386
2606.01402
2606.01412
2606.01446
2606.01461
2606.01464
2606.01478
2606.01479
2606.01483
2606.01495
2606.01503
2606.01544
2606.01556
2606.01607
2606.01677
2606.01700
2606.01703
2606.01802
2606.01806
2606.01834
2606.01844
2606.01850
2606.01873
2606.01892
2606.01922
2606.01934
2606.01935
2606.01945
2606.01947
2606.02011
2606.02079
2606.02092
2606.02178
2606.02204
2606.02212
2606.02224
2606.02288
2606.02293
2606.02303
2606.02309
2606.02341
2606.02346
2606.02375
2606.02434
2606.02436
2606.02437
2606.02487
2606.02498
2606.02507
2606.02521
2606.02532
2606.02535
2606.02548
2606.02615
2606.02755
2606.02822
2606.02974
2606.02998
2606.03078
2606.03241
2606.03246
2606.03259
2606.03291
2606.03334
2606.03348
2606.03359
2606.03360
2606.03428
2606.03455
2606.03458
2606.03463
2606.03467
2606.03504
2606.03551
2606.03557
2606.03569
2606.03572
2606.03618
2606.03672
2606.03723
2606.03782
2606.03793
2606.03837
2606.03879
2606.03892
2606.03906
2606.03909
2606.03940
2606.03946
2606.03948
2606.03967
2606.04015
2606.04040
2606.04063
2606.04115
2606.04156
2606.04238
2606.04266
2606.04292
2606.04325
2606.04349
2606.04373
2606.04374
2606.04382
2606.04393
2606.04434
2606.04461
2606.04466
2606.04479
2606.04493
2606.04547
2606.04581
2606.04595
2606.04620
2606.04621
2606.04650
2606.04672
2606.04678
2606.04689
2606.04694
2606.04730
2606.04786
2606.04801
2606.04820
2606.04833
2606.04840
2606.04920
2606.04922
2606.04930
2606.04939
2606.04944
2606.04945
2606.04980
2606.04999
2606.05025
2606.05101
2606.05127
2606.05250
2606.05354
2606.05367
2606.05379
2606.05389
2606.05421
2606.05429
2606.05440
2606.05444
2606.05484
2606.05510
2606.05535
2606.05552
2606.05568
2606.05613
2606.05624
2606.05627
2606.05649
2606.05672
2606.05678
2606.05682
2606.05688
2606.05756
2606.05763
2606.05774
2606.05777
2606.05781
2606.05846
2606.05852
2606.05861
2606.05868
2606.05870
2606.05876
2606.05883
2606.05889
2606.05892
2606.05909
2606.05955
2606.05988
2606.06019
2606.06027
2606.06038
2606.06041
2606.06042
2606.06065
2606.06078
2606.06139
2606.06154
2606.06155
2606.06158
2606.06191
2606.06200
2606.06211
2606.06238
2606.06254
2606.06255
2606.06265
2606.06292
2606.06345
2606.06349
2606.06420
2606.06453
2606.06458
2606.06492
2606.06494
2606.06547
2606.06564
2606.06572
2606.06586
2606.06663
2606.06717
2606.06724
2606.06740
2606.06833
2606.06837
2606.06841
2606.06848
2606.06864
2606.06887
2606.06907
2606.06920
2606.06928
2606.06930
2606.06985
2606.06990
2606.07024
2606.07036
2606.07040
2606.07069
2606.07080
2606.07116
2606.07148
2606.07182
2606.07226
2606.07239
2606.07240
2606.07259
2606.07355
2606.07397
2606.07400
2606.07435
2606.07473
2606.07474
2606.07488
2606.07498
2606.07585
2606.07608
2606.07681
2606.07706
2606.07760
2606.07789
2606.07916
2606.07936
2606.07970
2606.07999
2606.08011
2606.08016
2606.08034
2606.08068
2606.08078
2606.08092
2606.08156
2606.08184
2606.08231
2606.08242
2606.08272
2606.08336
2606.08360
2606.08370
2606.08372
2606.08382
2606.08393
2606.08421
2606.08451
2606.08462
2606.08486
2606.08554
2606.08557
2606.08574
2606.08622
2606.08634
2606.08635
2606.08641
2606.08670
2606.08672
2606.08673
2606.08674
2606.08684
2606.08687
2606.08696
2606.08702
2606.08712
2606.08748
2606.08761
2606.08796
2606.08802
2606.08852
2606.08864
2606.08903
2606.08953
2606.08957
2606.08978
2606.09012
2606.09019
2606.09048
2606.09049
2606.09074
2606.09080
2606.09098
2606.09141
2606.09142
2606.09143
2606.09234
2606.09241
2606.09250
2606.09295
2606.09335
2606.09342
2606.09345
2606.09357
2606.09373
2606.09388
2606.09401
2606.09430
2606.09435
2606.09514
2606.09553
2606.09572
2606.09581
2606.09605
2606.09655
2606.09667
2606.09670
2606.09697
2606.09717
2606.09767
2606.09788
2606.09962
2606.09967
2606.10023
2606.10029
2606.10040
2606.10087
2606.10089
2606.10126
2606.10153
2606.10154
2606.10196
2606.10209
2606.10219
2606.10225
2606.10327
2606.10368
2606.10369
2606.10370
2606.10403
2606.10428
2606.10439
2606.10445
2606.10450
2606.10454
2606.10458
2606.10464
2606.10466
2606.10481
2606.10488
2606.10520
2606.10531
2606.10532
2606.10600
2606.10602
2606.10610
2606.10635
2606.10654
2606.10684
2606.10713
2606.10758
2606.10759
2606.10791
2606.10802
2606.10838
2606.10853
2606.10864
2606.10869
2606.10890
2606.10896
2606.10913
2606.10938
2606.10939
2606.10972
2606.11033
2606.11037
2606.11065
2606.11082
2606.11106
2606.11156
2606.11247
2606.11256
2606.11279
2606.11283
2606.11357
2606.11363
2606.11371
2606.11500
2606.11518
2606.11539
2606.11542
2606.11556
2606.11572
2606.11576
2606.11605
2606.11611
2606.11615
2606.11631
2606.11639
2606.11665
2606.11666
2606.11681
2606.11682
2606.11761
2606.11780
2606.11783
2606.11786
2606.11789
2606.11829
2606.11836
2606.11853
2606.11854
2606.11886
2606.11913
2606.11961
2606.11968
2606.11984
2606.12018
2606.12048
2606.12077
2606.12109
2606.12117
2606.12171
2606.12198
2606.12200
2606.12218
2606.12225
2606.12235
2606.12245
2606.12278
2606.12280
2606.12412
2606.12487
2606.12498
2606.12504
2606.12552
2606.12555
2606.12575
2606.12594
2606.12633
2606.12655
2606.12674
2606.12693
2606.12701
2606.12723
2606.12806
2606.12812
2606.12845
2606.12858
2606.12869
2606.12876
2606.12902
2606.12911
2606.12913
2606.12936
2606.12940
2606.12977
2606.12994
2606.13004
2606.13006
2606.13016
2606.13054
2606.13096
2606.13105
2606.13110
2606.13115
2606.13118
2606.13214
2606.13216
2606.13218
2606.13253
2606.13300
2606.13302
2606.13322
2606.13341
2606.13347
2606.13379
2606.13387
2606.13392
2606.13450
2606.13464
2606.13507
2606.13533
2606.13562
2606.13573
2606.13589
2606.13626
2606.13629
2606.13706
2606.13735
2606.13767
2606.13774
2606.13796
2606.13842
2606.13868
2606.13894
2606.13932
2606.13957
2606.13989
2606.13992
2606.14004
2606.14010
2606.14030
2606.14049
2606.14071
2606.14114
2606.14128
2606.14150
2606.14201
2606.14230
2606.14243
2606.14277
2606.14297
2606.14299
2606.14316
2606.14325
2606.14346
2606.14347
2606.14353
2606.14354
2606.14391
2606.14455
2606.14459
2606.14540
2606.14570
2606.14631
2606.14639
2606.14647
2606.14668
2606.14684
2606.14695
2606.14750
2606.14817
2606.14922
2606.14963
2606.15019
2606.15029
2606.15044
2606.15059
2606.15069
2606.15079
2606.15142
2606.15151
2606.15161
2606.15172
2606.15188
2606.15199
2606.15221
2606.15225
2606.15232
2606.15243
2606.15264
2606.15266
2606.15267
2606.15282
2606.15321
2606.15331
2606.15344
2606.15345
2606.15346
2606.15355
2606.15377
2606.15442
2606.15453
2606.15457
2606.15512
2606.15523
2606.15604
2606.15637
2606.15638
2606.15652
2606.15682
2606.15701
2606.15714
2606.15716
2606.15770
2606.15861
2606.15888
2606.15898
2606.15963
2606.15966
2606.15980
2606.15984
2606.16015
2606.16019
2606.16067
2606.16100
2606.16107
2606.16131
2606.16140
2606.16152
2606.16163
2606.16185
2606.16188
2606.16219
2606.16246
2606.16273
2606.16276
2606.16307
2606.16327
2606.16383
2606.16384
2606.16414
2606.16417
2606.16435
2606.16488
2606.16529
2606.16539
2606.16546
2606.16568
2606.16596
2606.16633
2606.16668
2606.16673
2606.16778
2606.16790
2606.16794
2606.16801
2606.16857
2606.16907
2606.16922
2606.16925
2606.16952
2606.16969
2606.16993
2606.16995
2606.16996
2606.17016
2606.17040
2606.17045
2606.17049
2606.17077
2606.17113
2606.17118
2606.17122
2606.17123
2606.17213
2606.17234
2606.17249
2606.17254
2606.17255
2606.17259
2606.17281
2606.17296
2606.17354
2606.17462
2606.17465
2606.17486
2606.17520
2606.17537
2606.17561
2606.17582
2606.17615
2606.17662
2606.17711
2606.17789
2606.17803
2606.17820
2606.17826
2606.17835
2606.17852
2606.17972
2606.17998
2606.18008
2606.18033
2606.18071
2606.18072
2606.18096
2606.18114
2606.18209
2606.18243
2606.18290
2606.18304
2606.18310
2606.18319
2606.18354
2606.18389
2606.18429
2606.18453
2606.18456
2606.18484
2606.18485
2606.18502
2606.18518
2606.18555
2606.18565
2606.18584
2606.18586
2606.18597
2606.18611
2606.18645
2606.18659
2606.18681
2606.18707
2606.18733
2606.18780
2606.18782
2606.18851
2606.18852
2606.18888
2606.18960
2606.18972
2606.18989
2606.19019
2606.19034
2606.19037
2606.19079
2606.19138
2606.19150
2606.19157
2606.19186
2606.19195
2606.19203
2606.19209
2606.19277
2606.19279
2606.19397
2606.19483
2606.19496
2606.19526
2606.19528
2606.19549
2606.19565
2606.19579
2606.19586
2606.19632
2606.19647
2606.19747
2606.19753
2606.19791
2606.19792
2606.19793
2606.19797
2606.19817
2606.19849
2606.19932
2606.19938
2606.19939
2606.19951
2606.19974
2606.20005
2606.20031
2606.20047
2606.20048
2606.20066
2606.20069
2606.20084
2606.20098
2606.20110
2606.20118
2606.20137
2606.20189
2606.20212
2606.20241
2606.20246
2606.20254
2606.20264
2606.20271
2606.20272
2606.20290
2606.20364
2606.20382
2606.20395
2606.20400
2606.20457
2606.20474
2606.20478
2606.20518
2606.20532
2606.20536
2606.20553
2606.20650
2606.20689
2606.20764
2606.20878
2606.20993
2606.21030
2606.21052
2606.21053
2606.21113
2606.21215
2606.21237
2606.21268
2606.21310
2606.21340
2606.21343
2606.21365
2606.21381
2606.21408
2606.21413
2606.21453
2606.21502
2606.21525
2606.21629
2606.21631
2606.21655
2606.21689
2606.21704
2606.21718
2606.21736
2606.21820
2606.21847
2606.21851
2606.21882
2606.21888
2606.21893
2606.21913
2606.21916
2606.21933
2606.21935
2606.21945
2606.21947
2606.21954
2606.21956
2606.21960
2606.21990
2606.21996
2606.22009
2606.22077
2606.22105
2606.22116
2606.22148
2606.22153
2606.22189
2606.22191
2606.22249
2606.22269
2606.22272
2606.22274
2606.22285
2606.22296
2606.22307
2606.22313
2606.22340
2606.22371
2606.22383
2606.22399
2606.22416
2606.22471
2606.22473
2606.22480
2606.22494
2606.22515
2606.22536
2606.22574
2606.22606
2606.22674
2606.22752
2606.22778
2606.22806
2606.22811
2606.22841
2606.22856
2606.22874
2606.22878
2606.22910
2606.22935
2606.22942
2606.22955
2606.22992
2606.23002
2606.23007
2606.23016
2606.23019
2606.23048
2606.23060
2606.23064
2606.23080
2606.23086
2606.23108
2606.23124
2606.23139
2606.23166
2606.23176
2606.23190
2606.23210
2606.23285
2606.23291
2606.23406
2606.23419
2606.23487
2606.23525
2606.23552
2606.23568
2606.23588
2606.23739
2606.23767
2606.23825
2606.23827
2606.23851
2606.23864
2606.23868
2606.23879
2606.23898
2606.23920
2606.23948
2606.24033
2606.24046
2606.24078
2606.24080
2606.24088
2606.24112
2606.24140
2606.24141
2606.24147
2606.24153
2606.24165
2606.24169
2606.24173
2606.24175
2606.24200
2606.24248
2606.24249
2606.24263
2606.24267
2606.24302
2606.24313
2606.24320
2606.24330
2606.24333
2606.24336
2606.24369
2606.24371
2606.24418
2606.24442
2606.24457
2606.24479
2606.24552
2606.24557
2606.24579
2606.24610
2606.24644
2606.24740
2606.24747
2606.24796
2606.24817
2606.24825
2606.24850
2606.24915
2606.24970
2606.24980
2606.25029
2606.25087
2606.25102
2606.25128
2606.25160
2606.25226
2606.25254
2606.25278
2606.25285
2606.25324
2606.25328
2606.25354
2606.25355
2606.25365
2606.25369
2606.25380
2606.25390
2606.25401
2606.25403
2606.25424
2606.25432
2606.25444
2606.25460
2606.25465
2606.25487
2606.25488
2606.25519
2606.25522
2606.25529
2606.25532
2606.25548
2606.25589
2606.25672
2606.25674
2606.25700
2606.25762
2606.25784
2606.25821
2606.25864
2606.25927
2606.26002
2606.26040
2606.26053
2606.26073
2606.26171
2606.26183
2606.26241
2606.26257
2606.26273
2606.26285
2606.26290
2606.26379
2606.26382
2606.26398
2606.26424
2606.26439
2606.26466
2606.26488
2606.26530
2606.26534
2606.26551
2606.26552
2606.26567
2606.26571
2606.26587
2606.26618
2606.26629
2606.26650
2606.26711
2606.26744
2606.26764
2606.26787
2606.26819
2606.26822
2606.26841
2606.26861
2606.26898
2606.26901
2606.27010
2606.27019
2606.27058
2606.27069
2606.27089
2606.27161
2606.27192
2606.27205
2606.27227
2606.27234
2606.27268
2606.27281
2606.27294
2606.27306
2606.27313
2606.27326
2606.27332
2606.27347
2606.27377
2606.27446
2606.27467
2606.27543
2606.27547
2606.27561
2606.27634
2606.27660
2606.27678
2606.27686
2606.27698
2606.27700
2606.27717
2606.27738
2606.27743
2606.27747
2606.27772
2606.27777
2606.27784
2606.27797
2606.27814
2606.27821
2606.27866
2606.27871
2606.27884
2606.27892
2606.28027
2606.28061
2606.28077
2606.28117
2606.28163
2606.28186
2606.28249
2606.28251
2606.28252
2606.28274
2606.28419
2606.28445
2606.28460
2606.28483
2606.28626
2606.28649
2606.28674
2606.28728
2606.28732
2606.28769
2606.28796
2606.28798
2606.28823
2606.28842
2606.28843
2606.28884
2606.28896
2606.28898
2606.28916
2606.28922
2606.28946
2606.28962
2606.28992
2606.29052
2606.29074
2606.29105
2606.29130
2606.29184
2606.29239
2606.29256
2606.29337
2606.29367
2606.29375
2606.29440
2606.29450
2606.29483
2606.29489
2606.29497
2606.29529
2606.29534
2606.29570
2606.29578
2606.29579
2606.29581
2606.29589
2606.29632
2606.29684
2606.29700
2606.29744
2606.29784
2606.29806
2606.29812
2606.29850
2606.29859
2606.29869
2606.29901
2606.29924
2606.29952
2606.29968
2606.29982
2606.29986
2606.30017
2606.30053
2606.30062
2606.30151
2606.30190
2606.30215
2606.30237
2606.30238
2606.30244
2606.30258
2606.30312
2606.30339
2606.30352
2606.30382
2606.30436
2606.30450
2606.30460
2606.30508
2606.30520
2606.30528
2606.30551
2606.30594
2606.30671
2606.30675
2606.30807
2606.30875
2606.30914
2606.30944
2606.31018
2606.31029
2606.31048
2606.31049
2606.31088
2606.31092
2606.31099
2606.31100
2606.31112
2606.31145
2606.31148
2606.31186
2606.31204
2606.31225
2606.31268
2606.31303
2606.31349
2606.31352
2606.31382
2606.31397
2606.31413
2606.31432
2606.31456
2606.31508
2606.31519
2606.31527
2606.31576
2606.31599
2606.31603
2606.31642
2606.31648
2606.31668
2606.31676
2606.31717
2606.31718
2606.31722
2606.31729
2606.31781
2606.31796
2606.31813
2606.31845
2606.31947
2606.31964
2606.31982
2606.32036
2607.00095
2607.00156
2607.00162
2607.00255
2607.00301
2607.00310
2607.00338
2607.00351
2607.00363
2607.00370
2607.00382
2607.00399
2607.00492
2607.00530
2607.00559
2607.00641
2607.00642
2607.00689
2607.00691
2607.00709
2607.00724
2607.00763
2607.00774
2607.00848
2607.00860
2607.00885
2607.00908
2607.00926
2607.00927
2607.00936
2607.00946
2607.00975
2607.01012
2607.01043
2607.01065
2607.01125
2607.01138
2607.01161
2607.01171
2607.01222
2607.01279
2607.01305
2607.01394
2607.01444
2607.01457
2607.01478
2607.01502
2607.01563
2607.01566
2607.01590
2607.01596
2607.01678
2607.01710
2607.01733
2607.01743
2607.01772
2607.01789
2607.01799
2607.01827
2607.01831
2607.01844
2607.01851
2607.01906
2607.01928
2607.01949
2607.01960
2607.01965
2607.01984
2607.02049
2607.02079
2607.02158
2607.02237
2607.02271
2607.02288
2607.02291
2607.02349
2607.02371
2607.02426
2607.02431
2607.02461
2607.02484
2607.02508
2607.02512
2607.02582
2607.02596
2607.02633
2607.02637
2607.02643
2607.02712
2607.02718
2607.02763
2607.02862
2607.02920
2607.02966
2607.02998
2607.03134
2607.03160
2607.03190
2607.03207
2607.03513
2607.03524
2607.03553
2607.03658
2607.03670
2607.03688
2607.03734
2607.03756
2607.03760
2607.03784
2607.03803
2607.03836
2607.03851
2607.03865
2607.03926
2607.03971
2607.03985
2607.04079
2607.04140
2607.04154
2607.04164
2607.04171
2607.04241
2607.04244
2607.04245
2607.04290
2607.04306
2607.04339
2607.04344
2607.04360
2607.04371
2607.04422
2607.04490
2607.04509
2607.04515
2607.04546
2607.04563
2607.04574
2607.04599
2607.04605
2607.04630
2607.04631
2607.04640
2607.04684
2607.04721
2607.04740
2607.04775
2607.04814
2607.04826
2607.04955
2607.05000
2607.05051
2607.05058
2607.05061
2607.05114
2607.05116
2607.05165
2607.05196
2607.05199
2607.05224
2607.05252
2607.05266
2607.05276
2607.05300
2607.05364
2607.05365
2607.05568
2607.05571
2607.05605
2607.05612
2607.05667
2607.05711
2607.05734
2607.05736
2607.05750
2607.05832
2607.05849
2607.05850
2607.05891
2607.05933
2607.05953
2607.05995
2607.06027
2607.06054
2607.06071
2607.06083
2607.06085
2607.06088
2607.06097
2607.06133
2607.06140
2607.06173
2607.06216
2607.06225
2607.06243
2607.06289
2607.06293
2607.06335
2607.06354
2607.06405
2607.06456
2607.06457
2607.06461
2607.06481
2607.06483
2607.06484
2607.06499
2607.06600
2607.06601
2607.06611
2607.06616
2607.06652
2607.06675
2607.06683
2607.06699
2607.06739
2607.06761
2607.06796
2607.06824
2607.06831
2607.06833
2607.06841
2607.06885
2607.06891
2607.06892
2607.06918
2607.06982
2607.06986
2607.07015
2607.07027
2607.07033
2607.07050
2607.07142
2607.07192
2607.07197
2607.07321
2607.07357
2607.07403
2607.07440
2607.07510
2607.07513
2607.07557
2607.07565
2607.07579
2607.07635
2607.07651
2607.07700
2607.07748
2607.07785
2607.07896
2607.07942
2607.07957
2607.07964
2607.08015
2607.08016
2607.08027
2607.08029
2607.08032
2607.08092
2607.08111
2607.08112
2607.08117
2607.08150
2607.08161
2607.08164
2607.08236
2607.08241
2607.08254
2607.08365
2607.08368
2607.08371
2607.08382
2607.08409
2607.08526
2607.08563
2607.08586
2607.08601
2607.08608
2607.08643
2607.08645
2607.08679
2607.08734
2607.08771
2607.08993
2607.09001
2607.09024
2607.09029
2607.09039
2607.09063
2607.09067
2607.09084
2607.09091
2607.09113
2607.09153
2607.09185
2607.09205
2607.09284
2607.09287
2607.09404
2607.09438
2607.09443
2607.09507
2607.09530
2607.09576
2607.09582
2607.09583
2607.09598
2607.09833
2607.09970
2607.10008
2607.10021
2607.10026
2607.10044
2607.10055
2607.10077
2607.10080
2607.10087
2607.10109
2607.10113
2607.10137
2607.10168
2607.10237
2607.10239
2607.10256
2607.10312
2607.10316
2607.10371
2607.10386
2607.10406
2607.10408
2607.10419
2607.10421
2607.10429
2607.10438
2607.10478
2607.10565
2607.10640
2607.10647
2607.10695
2607.10750
2607.10784
2607.10790
2607.10810
2607.10817
2607.10836
2607.10841
2607.10855
2607.10874
2607.10885
2607.10930
2607.10933
2607.10963
2607.10969
2607.10995
2607.11035
2607.11065
2607.11089
2607.11109
2607.11117
2607.11120
2607.11163
2607.11174
2607.11199
2607.11215
2607.11221
2607.11257
2607.11266
2607.11271
2607.11300
2607.11349
2607.11359
2607.11368
2607.11428
2607.11473
2607.11497
2607.11528
2607.11557
2607.11630
2607.11668
2607.11706
2607.11712
2607.11772
2607.11792
2607.11825
2607.11826
2607.11830
2607.11839
2607.11882
2607.11883
2607.11943
2607.11958
2607.11978
2607.11994
2607.12143
2607.12231
2607.12235
2607.12266
2607.12297
2607.12325
2607.12336
2607.12418
2607.12419
2607.12422
2607.12468
2607.12488
2607.12496
2607.12512
2607.12550
2607.12556
2607.12583
2607.12584
2607.12599
2607.12611
2607.12656
2607.12663
2607.12681
2607.12706
2607.12733
2607.12756
2607.12782
2607.12792
2607.12802
2607.12810
2607.12820
2607.12874
2607.12875
2607.12894
2607.12910
2607.12934
2607.12961
2607.12987
2607.13003
2607.13013
2607.13115
2607.13124
2607.13158
2607.13193
2607.13202
2607.13278
2607.13330
2607.13410
2607.13425
2607.13430
2607.13452
2607.13456
2607.13466
2607.13511
2607.13689
2607.13707
2607.13735
2607.13737
2607.13763
2607.13808
2607.13891
2607.13927
2607.13941
2607.13977
2607.14088
2607.14131
2607.14181
2607.14287
2607.14310
2607.14320
2607.14328
2607.14334
2607.14506
2607.14540
2607.14595
2607.14600
2607.14618
2607.14622
2607.14630
2607.14647
2607.14682
2607.14703
2607.14711
2607.14753
2607.14807
2607.14834
2607.14897
2607.14935
2607.15033
2607.15047
2607.15068
2607.15076
2607.15105
2607.15127
2607.15179
2607.15184
2607.15241
2607.15328
2607.15358
2607.15421
2607.15456
2607.15509
2607.15525
2607.15531
2607.15555
2607.15563
2607.15606
2607.15639
2607.15661
2607.15697
2607.15716
2607.15724
2607.15740
2607.15745
2607.15755
2607.15806
2607.15810
2607.15919
2607.15933
2607.16012
2607.16085
2607.16117
2607.16184
2607.16294
2607.16488
2607.16516
2607.16541
2607.16585
2607.16624
2607.16669
2607.16673
2607.16678
2607.16721
2607.16725
2607.16741
2607.16750
2607.16766
2607.16777
2607.16803
2607.16808
2607.16833
2607.16888
2607.16900
2607.16955
2607.16973
2607.17019
2607.17025
2607.17052
2607.17105
2607.17139
2607.17164
2607.17173
2607.17175
2607.17176
2607.17200
2607.17237
2607.17270
2607.17280
2607.17281
2607.17329
2607.17340
2607.17371
2607.17377
2607.17443
2607.17456
2607.17524
2607.17551
2607.17568
2607.17575
2607.17592
2607.17654
2607.17668
2607.17680
2607.17689
2607.17730
2607.17733
2607.17766
2607.17773
2607.17799
2607.17900
2607.17913
2607.17940
2607.18002
2607.18006
2607.18021
2607.18034
2607.18058
2607.18064
2607.18067
2607.18072
2607.18081
2607.18101
2607.18130
2607.18152
2607.18164
2607.18195
2607.18198
2607.18204
2607.18213
2607.18218
2607.18236
2607.18317
2607.18342
2607.18345
2607.18348
2607.18424
2607.18466
2607.18540
2607.18576
2607.18600
2607.18618
2607.18629
2607.18633
2607.18693
2607.18716
2607.18767
2607.18856
2607.18912
2607.18921
2607.18923
2607.18934
2607.18985
2607.19033
2607.19036
2607.19049
2607.19074
2607.19083
2607.19092
2607.19101
2607.19169
2607.19171
2607.19181
2607.19226
2607.19243
2607.19248
2607.19270
2607.19324
2607.19332
2607.19437
2607.19524
2607.19711
2607.19718
2607.19810
2607.19811
2607.19845
2607.19859
2607.19867
2607.19894
2607.19901
2607.19918
2607.19934
2607.19947
2607.19956
2607.19962
2607.19971
2607.19992
2607.20003
2607.20048
2607.20056
2607.20062
2607.20129
2607.20142
2607.20205
2607.20216
2607.20241
2607.20283
2607.20301
2607.20304
2607.20327
2607.20349
2607.20385
2607.20410
2607.20690
2607.20757
2607.20806
2607.20820
2607.20871
2607.20913
2607.20914
2607.20957
2607.20981
2607.21016
2607.21032
2607.21042
2607.21063
2607.21067
2607.21072
2607.21075
2607.21076
2607.21127
2607.21173
2607.21188
2607.21274
2607.21351
2607.21361
2607.21366
2607.21393
2607.21421
2607.21436
2607.21446
2607.21540
2607.21577
2607.21591
2607.21636
2607.21660
2607.21670
2607.21671
2607.21677
2607.21848
2607.21849
2607.21904
2607.21928
2607.21973
2607.21978
2607.21985
2607.21987
2607.22083
2607.22100
2607.22119
2607.22143
2607.22211
2607.22226
2607.22251
2607.22262
2607.22300
2607.22327
2607.22376
2607.22377
2607.22380
2607.22530
2607.22725
2607.22841
2607.22863
2607.22872
2607.22889
2607.22922
2607.22923
2607.23015
2607.23024
2607.23026
2607.23027
2607.23046
2607.23047
2607.23083
2607.23086
2607.23096
2607.23204
2607.23205
2607.23227
2607.23245
2607.23265
2607.23293
2607.23346
2607.23348
2607.23451
2607.23604
2607.23675
2607.23694
2607.23696
2607.23719
2607.23738
2607.23770
2607.23811
2607.23813
2607.23855
2607.23910
2607.23917
2607.23933
2607.23938
2607.23961
2607.23963
2607.24016
2607.24030
2607.24055
2607.24109
2607.24148
2607.24176
2607.24192
2607.24232
2607.24272
2607.24276
2607.24280
2607.24346
2607.24352
2607.24377
2607.24404
2607.24430
2607.24440
2607.24515
2607.24568
2607.24585
2607.24660
2607.24665
2607.24673
2607.24720
2607.24829
2607.24898
2607.24953
2607.24981
2607.24983
2607.25091
2607.25104
2607.25180
2607.25202
2607.25209
2607.25275
2607.25289
2607.25335
2607.25346
2607.25351
2607.25373
2607.25380
2607.25392
2607.25422
2607.25438
2607.25451
2607.25527
2607.25530
2607.25545
2607.25554
2607.25583
2607.25608
2607.25633
2607.25687
2607.25716
2607.25763
2607.25818
2607.25870
2607.25915
2607.25929
2607.26146
2607.26208
2607.26238
2607.26286
2607.26368
2607.26410
2607.26469
2607.26500
2607.26515
2607.26525
2607.26567
2607.26596
2607.26640
2607.26698
2607.26703
2607.26711
2607.26742
2607.26765
2607.26921
2607.26925
2607.26949
2607.26959
2607.26968
2607.27011
2607.27054
2607.27087
2607.27146
2607.27172
2607.27178
2607.27205
2607.27303
2607.27357
2607.27366
2607.27379
2607.27501
2607.27506
2607.27529
2607.27546
2607.27581
2607.27659
2607.27686
2607.27694
2607.27700
2607.27704
2607.27768
2607.27854
2607.27886
2607.27898
2607.27944
2607.27952
2607.28030
2607.28047
2607.28165
2607.28175
2607.28196
2607.28219
2607.28269
2607.28292
2607.28319
2607.28341
2607.28351
2607.28405
2607.28418
2607.28443
2607.28470
2607.28582
2607.28589
2607.28604
2607.28699
2607.28707
2607.28770
2607.28826
2607.28858
2607.28866
2607.28868
2607.28874
2607.28899
2607.28945
2607.28959
2607.28967
2607.28984
2607.29033
2607.29048
2607.29071
2607.29112
2607.29133
2607.29175
2607.29279
2607.29284
2607.29287
2607.29299
2607.29337
2607.29355
2607.29363
2607.29394
2607.29397
2607.29462
2607.29504
2607.29508
2607.29541
2607.29601
2607.29637
2608.00037
2608.00048
2608.00156
2608.00186
2608.00289
2608.00348
2608.00507
2608.00533
2608.00545
2608.00678
2608.00716
2608.00722
2608.00803
2608.00984
2608.00998
2608.01034
2608.01053
2608.01078
2608.01090
2608.01119
2608.01142
2608.01169
2608.01247
2608.01255
2608.01271
2608.01281
2608.01290
2608.01297
2608.01348
2608.01372
2608.01389
2608.01422
2608.01452
2608.01467
2608.01471
2608.01488
2608.01510
2608.01521
2608.01530
2608.01536
2608.01585
2608.01588
2608.01624
2608.01631
2608.01644
2608.01653
2608.01677
2608.01686
2608.01726
2608.01751
2608.01761
2608.01771
2608.01796
2608.01804
2608.01821
2608.01840
2608.01867
2608.01896
2608.01899
2608.01945
2608.01979
2608.01985
2608.02023
2608.02048
2608.02062
2608.02068
2608.02134
2608.02235
2608.02254
2608.02271
2608.02287
2608.02347
2608.02406
2608.02449
2608.02477
2608.02480
2608.02528
2608.02564
2608.02580
2608.02602
